Codigo DANE;Id Municipio;Municipio;Departamento;Formulario;Id Formulario;Unidad de Medida;Id Unidad de medida;Anio Gravable;Id Unidad de medida BaseG;Anio Fiscal;Id Unidad de medida AnioFiscal;Tipo Tarifa;Id Tipo Tarifa;Valor Unidad;Porcentaje_Cantidad Unidad;Cantidad Periodos;Estado;Id Estado;No. Renglon del Form;Id No. Renglon;Descripcion de la Configuracion;Para calcular;Id Para calcular;Numero Renglon 1;Id Numero Renglon 1;Tipo Operacion1;Id Tipo Operacion1;Numero Renglon 2;Id Numero Renglon 2;Tipo Operacion2;Id Tipo Operacion2;Numero Renglon 3;Id Numero Renglon 3;Tipo Operacion3;Id Tipo Operacion3;Numero Renglon 4;Id Numero Renglon 4;Tipo Operacion4;Id Tipo Operacion4;Numero Renglon 5;Id Numero Renglon 5;Tipo Operacion5;Id Tipo Operacion5;Numero Renglon 6;Id Numero Renglon 6
5001;135;MEDELLIN;ANTIOQUIA;AUTO RETENCION ICA;2;UVT;1;2023;28;2023;28;POR UNIDAD;8;0;27,80;1,00;ACTIVO;1;22;13;TOTAL AUTORRETENCION POR UNIDADES ADICIONALES  DEL SECTOR FINANCIERO;NO;N;;;;;;;;;;;;;;;;;;;;;;
5002;69;ABEJORRAL;ANTIOQUIA;AUTO RETENCION ICA;2;UVT;1;2023;28;2023;28;POR UNIDAD;8;0;28,00;1,00;ACTIVO;1;22;13;TOTAL AUTORRETENCION POR UNIDADES ADICIONALES  DEL SECTOR FINANCIERO;NO;N;;;;;;;;;;;;;;;;;;;;;;
5030;92;AMAGA;ANTIOQUIA;AUTO RETENCION ICA;2;VABS;4;2023;33;2023;33;PORCENTUAL;1;0;0,00;1,00;ACTIVO;1;22;13;TOTAL AUTORRETENCION POR UNIDADES ADICIONALES  DEL SECTOR FINANCIERO;NO;N;;;;;;;;;;;;;;;;;;;;;;
5031;24;AMALFI;ANTIOQUIA;AUTO RETENCION ICA;2;UVT;1;2023;28;2023;28;POR UNIDAD;8;0;25,00;1,00;ACTIVO;1;22;13;TOTAL AUTORRETENCION POR UNIDADES ADICIONALES  DEL SECTOR FINANCIERO;NO;N;;;;;;;;;;;;;;;;;;;;;;
5034;93;ANDES;ANTIOQUIA;AUTO RETENCION ICA;2;NAP;5;2023;31;2023;31;NO APLICA;6;0;0,00;0,00;ACTIVO;1;22;13;TOTAL AUTORRETENCION POR UNIDADES ADICIONALES  DEL SECTOR FINANCIERO;NO;N;;;;;;;;;;;;;;;;;;;;;;
5042;66;SANTA FE DE ANTIOQUIA;ANTIOQUIA;AUTO RETENCION ICA;2;UVT;1;2023;28;2023;28;POR UNIDAD;8;0;25,00;1,00;ACTIVO;1;22;13;TOTAL AUTORRETENCION POR UNIDADES ADICIONALES  DEL SECTOR FINANCIERO;NO;N;;;;;;;;;;;;;;;;;;;;;;
5045;116;APARTADO;ANTIOQUIA;AUTO RETENCION ICA;2;UVT;1;2023;28;2023;28;POR UNIDAD;8;0;27,80;1,00;ACTIVO;1;22;13;TOTAL AUTORRETENCION POR UNIDADES ADICIONALES  DEL SECTOR FINANCIERO;NO;N;;;;;;;;;;;;;;;;;;;;;;
5059;53;ARMENIA;ANTIOQUIA;AUTO RETENCION ICA;2;UVT;1;2023;28;2023;28;POR UNIDAD;8;0;25,00;1,00;ACTIVO;1;22;13;TOTAL AUTORRETENCION POR UNIDADES ADICIONALES  DEL SECTOR FINANCIERO;NO;N;;;;;;;;;;;;;;;;;;;;;;
5079;127;BARBOSA;ANTIOQUIA;AUTO RETENCION ICA;2;UVT;1;2023;28;2023;28;POR UNIDAD;8;0;25,00;1,00;ACTIVO;1;22;13;TOTAL AUTORRETENCION POR UNIDADES ADICIONALES  DEL SECTOR FINANCIERO;NO;N;;;;;;;;;;;;;;;;;;;;;;
5088;128;BELLO;ANTIOQUIA;AUTO RETENCION ICA;2;UVT;1;2023;28;2023;28;POR UNIDAD;8;0;28,30;1,00;ACTIVO;1;22;13;TOTAL AUTORRETENCION POR UNIDADES ADICIONALES  DEL SECTOR FINANCIERO;NO;N;;;;;;;;;;;;;;;;;;;;;;
5093;96;BETULIA;ANTIOQUIA;AUTO RETENCION ICA;2;UVT;1;2023;28;2023;28;POR UNIDAD;8;0;20,00;1,00;ACTIVO;1;22;13;TOTAL AUTORRETENCION POR UNIDADES ADICIONALES  DEL SECTOR FINANCIERO;NO;N;;;;;;;;;;;;;;;;;;;;;;
5101;99;CIUDAD BOLIVAR;ANTIOQUIA;AUTO RETENCION ICA;2;NAP;5;2023;31;2023;31;POR MIL;2;0;5,00;1,00;ACTIVO;1;22;13;TOTAL AUTORRETENCION POR UNIDADES ADICIONALES  DEL SECTOR FINANCIERO;SI;S;20;11;;;;;;;;;;;;;;;;;;;;
5129;129;CALDAS;ANTIOQUIA;AUTO RETENCION ICA;2;UVT;1;2023;28;2023;28;POR UNIDAD;8;0;27,80;1,00;ACTIVO;1;22;13;TOTAL AUTORRETENCION POR UNIDADES ADICIONALES  DEL SECTOR FINANCIERO;NO;N;;;;;;;;;;;;;;;;;;;;;;
5148;72;EL CARMEN DE VIBORAL;ANTIOQUIA;AUTO RETENCION ICA;2;UVT;1;2023;28;2023;28;POR UNIDAD;8;0;6,01;1,00;ACTIVO;1;22;13;TOTAL AUTORRETENCION POR UNIDADES ADICIONALES  DEL SECTOR FINANCIERO;NO;N;;;;;;;;;;;;;;;;;;;;;;
5154;13;CAUCASIA;ANTIOQUIA;AUTO RETENCION ICA;2;NAP;5;2023;31;2023;31;NO APLICA;6;0;0,00;0,00;ACTIVO;1;22;13;TOTAL AUTORRETENCION POR UNIDADES ADICIONALES  DEL SECTOR FINANCIERO;NO;N;;;;;;;;;;;;;;;;;;;;;;
5190;26;CISNEROS;ANTIOQUIA;AUTO RETENCION ICA;2;UVT;1;2023;28;2023;28;POR UNIDAD;8;0;27,80;1,00;ACTIVO;1;22;13;TOTAL AUTORRETENCION POR UNIDADES ADICIONALES  DEL SECTOR FINANCIERO;NO;N;;;;;;;;;;;;;;;;;;;;;;
5197;73;COCORNA;ANTIOQUIA;AUTO RETENCION ICA;2;UVT;1;2023;28;2023;28;POR UNIDAD;8;0;25,00;1,00;ACTIVO;1;22;13;TOTAL AUTORRETENCION POR UNIDADES ADICIONALES  DEL SECTOR FINANCIERO;NO;N;;;;;;;;;;;;;;;;;;;;;;
5209;100;CONCORDIA;ANTIOQUIA;AUTO RETENCION ICA;2;UVT;1;2023;28;2023;28;POR UNIDAD;8;0;28,00;1,00;ACTIVO;1;22;13;TOTAL AUTORRETENCION POR UNIDADES ADICIONALES  DEL SECTOR FINANCIERO;NO;N;;;;;;;;;;;;;;;;;;;;;;
5212;130;COPACABANA;ANTIOQUIA;AUTO RETENCION ICA;2;NAP;5;2023;31;2023;31;NO APLICA;6;0;0,00;0,00;ACTIVO;1;22;13;TOTAL AUTORRETENCION POR UNIDADES ADICIONALES  DEL SECTOR FINANCIERO;NO;N;;;;;;;;;;;;;;;;;;;;;;
5266;131;ENVIGADO;ANTIOQUIA;AUTO RETENCION ICA;2;UVT;1;2023;28;2023;28;POR UNIDAD;8;0;27,80;1,00;ACTIVO;1;22;13;TOTAL AUTORRETENCION POR UNIDADES ADICIONALES  DEL SECTOR FINANCIERO;NO;N;;;;;;;;;;;;;;;;;;;;;;
5282;101;FREDONIA;ANTIOQUIA;AUTO RETENCION ICA;2;UVT;1;2023;28;2023;28;POR UNIDAD;8;0;27,80;1,00;ACTIVO;1;22;13;TOTAL AUTORRETENCION POR UNIDADES ADICIONALES  DEL SECTOR FINANCIERO;NO;N;;;;;;;;;;;;;;;;;;;;;;
5306;59;GIRALDO;ANTIOQUIA;AUTO RETENCION ICA;2;NAP;5;2023;31;2023;31;NO APLICA;6;0;0,00;0,00;ACTIVO;1;22;13;TOTAL AUTORRETENCION POR UNIDADES ADICIONALES  DEL SECTOR FINANCIERO;NO;N;;;;;;;;;;;;;;;;;;;;;;
5308;132;GIRARDOTA;ANTIOQUIA;AUTO RETENCION ICA;2;UVT;1;2023;28;2023;28;POR UNIDAD;8;0;25,00;1,00;ACTIVO;1;22;13;TOTAL AUTORRETENCION POR UNIDADES ADICIONALES  DEL SECTOR FINANCIERO;NO;N;;;;;;;;;;;;;;;;;;;;;;
5318;76;GUARNE;ANTIOQUIA;AUTO RETENCION ICA;2;UVT;1;2023;28;2023;28;POR UNIDAD;8;0;25,00;1,00;ACTIVO;1;22;13;TOTAL AUTORRETENCION POR UNIDADES ADICIONALES  DEL SECTOR FINANCIERO;NO;N;;;;;;;;;;;;;;;;;;;;;;
5360;133;ITAGUI;ANTIOQUIA;AUTO RETENCION ICA;2;UVT;1;2023;28;2023;28;POR UNIDAD;8;0;25,00;1,00;ACTIVO;1;22;13;TOTAL AUTORRETENCION POR UNIDADES ADICIONALES  DEL SECTOR FINANCIERO;NO;N;;;;;;;;;;;;;;;;;;;;;;
5364;103;JARDIN;ANTIOQUIA;AUTO RETENCION ICA;2;UVT;1;2023;28;2023;28;POR UNIDAD;8;0;10,00;12,00;ACTIVO;1;22;13;TOTAL AUTORRETENCION POR UNIDADES ADICIONALES  DEL SECTOR FINANCIERO;NO;N;;;;;;;;;;;;;;;;;;;;;;
5368;104;JERICO;ANTIOQUIA;AUTO RETENCION ICA;2;NAP;5;2023;31;2023;31;NO APLICA;6;0;0,00;0,00;ACTIVO;1;22;13;TOTAL AUTORRETENCION POR UNIDADES ADICIONALES  DEL SECTOR FINANCIERO;NO;N;;;;;;;;;;;;;;;;;;;;;;
5376;78;LA CEJA;ANTIOQUIA;AUTO RETENCION ICA;2;UVT;1;2023;28;2023;28;POR UNIDAD;8;0;27,00;1,00;ACTIVO;1;22;13;TOTAL AUTORRETENCION POR UNIDADES ADICIONALES  DEL SECTOR FINANCIERO;NO;N;;;;;;;;;;;;;;;;;;;;;;
5380;134;LA ESTRELLA;ANTIOQUIA;AUTO RETENCION ICA;2;UVT;1;2023;28;2023;28;POR UNIDAD;8;0;27,80;1,00;ACTIVO;1;22;13;TOTAL AUTORRETENCION POR UNIDADES ADICIONALES  DEL SECTOR FINANCIERO;NO;N;;;;;;;;;;;;;;;;;;;;;;
5440;80;MARINILLA;ANTIOQUIA;AUTO RETENCION ICA;2;UVT;1;2023;28;2023;28;POR UNIDAD;8;0;15,00;1,00;ACTIVO;1;22;13;TOTAL AUTORRETENCION POR UNIDADES ADICIONALES  DEL SECTOR FINANCIERO;NO;N;;;;;;;;;;;;;;;;;;;;;;
5541;82;PENOL;ANTIOQUIA;AUTO RETENCION ICA;2;NAP;5;2023;31;2023;31;NO APLICA;6;0;0,00;0,00;ACTIVO;1;22;13;TOTAL AUTORRETENCION POR UNIDADES ADICIONALES  DEL SECTOR FINANCIERO;NO;N;;;;;;;;;;;;;;;;;;;;;;
5543;63;PEQUE;ANTIOQUIA;AUTO RETENCION ICA;2;UVT;1;2023;28;2023;28;POR UNIDAD;8;0;25,00;1,00;ACTIVO;1;22;13;TOTAL AUTORRETENCION POR UNIDADES ADICIONALES  DEL SECTOR FINANCIERO;NO;N;;;;;;;;;;;;;;;;;;;;;;
5579;20;PUERTO BERRIO;ANTIOQUIA;AUTO RETENCION ICA;2;UVT;1;2023;28;2023;28;POR UNIDAD;8;0;10,00;1,00;ACTIVO;1;22;13;TOTAL AUTORRETENCION POR UNIDADES ADICIONALES  DEL SECTOR FINANCIERO;NO;N;;;;;;;;;;;;;;;;;;;;;;
5615;84;RIONEGRO;ANTIOQUIA;AUTO RETENCION ICA;2;UVT;1;2023;28;2023;28;POR UNIDAD;8;0;5,00;1,00;ACTIVO;1;22;13;TOTAL AUTORRETENCION POR UNIDADES ADICIONALES  DEL SECTOR FINANCIERO;NO;N;;;;;;;;;;;;;;;;;;;;;;
5631;136;SABANETA;ANTIOQUIA;AUTO RETENCION ICA;2;UVT;1;2023;28;2023;28;POR UNIDAD;8;0;25,00;1,00;ACTIVO;1;22;13;TOTAL AUTORRETENCION POR UNIDADES ADICIONALES  DEL SECTOR FINANCIERO;NO;N;;;;;;;;;;;;;;;;;;;;;;
5642;108;SALGAR;ANTIOQUIA;AUTO RETENCION ICA;2;NAP;5;2023;31;2023;31;NO APLICA;6;0;0,00;0,00;ACTIVO;1;22;13;TOTAL AUTORRETENCION POR UNIDADES ADICIONALES  DEL SECTOR FINANCIERO;NO;N;;;;;;;;;;;;;;;;;;;;;;
5656;65;SAN JERONIMO;ANTIOQUIA;AUTO RETENCION ICA;2;UVT;1;2023;28;2023;28;POR UNIDAD;8;0;27,80;1,00;ACTIVO;1;22;13;TOTAL AUTORRETENCION POR UNIDADES ADICIONALES  DEL SECTOR FINANCIERO;NO;N;;;;;;;;;;;;;;;;;;;;;;
5659;123;SAN JUAN DE URABA;ANTIOQUIA;AUTO RETENCION ICA;2;NAP;5;2023;31;2023;31;NO APLICA;6;0;0,00;0,00;ACTIVO;1;22;13;TOTAL AUTORRETENCION POR UNIDADES ADICIONALES  DEL SECTOR FINANCIERO;NO;N;;;;;;;;;;;;;;;;;;;;;;
5660;87;SAN LUIS;ANTIOQUIA;AUTO RETENCION ICA;2;UVT;1;2023;28;2023;28;POR UNIDAD;8;0;6,01;1,00;ACTIVO;1;22;13;TOTAL AUTORRETENCION POR UNIDADES ADICIONALES  DEL SECTOR FINANCIERO;NO;N;;;;;;;;;;;;;;;;;;;;;;
5667;88;SAN RAFAEL;ANTIOQUIA;AUTO RETENCION ICA;2;UVT;1;2023;28;2023;28;POR UNIDAD;8;0;6,01;1,00;ACTIVO;1;22;13;TOTAL AUTORRETENCION POR UNIDADES ADICIONALES  DEL SECTOR FINANCIERO;NO;N;;;;;;;;;;;;;;;;;;;;;;
5679;109;SANTA BARBARA;ANTIOQUIA;AUTO RETENCION ICA;2;NAP;5;2023;31;2023;31;NO APLICA;6;0;0,00;0,00;ACTIVO;1;22;13;TOTAL AUTORRETENCION POR UNIDADES ADICIONALES  DEL SECTOR FINANCIERO;NO;N;;;;;;;;;;;;;;;;;;;;;;
5697;90;EL SANTUARIO;ANTIOQUIA;AUTO RETENCION ICA;2;NAP;5;2023;31;2023;31;NO APLICA;6;0;0,00;0,00;ACTIVO;1;22;13;TOTAL AUTORRETENCION POR UNIDADES ADICIONALES  DEL SECTOR FINANCIERO;NO;N;;;;;;;;;;;;;;;;;;;;;;
5756;91;SONSON;ANTIOQUIA;AUTO RETENCION ICA;2;NAP;5;2023;31;2023;31;NO APLICA;6;0;0,00;0,00;ACTIVO;1;22;13;TOTAL AUTORRETENCION POR UNIDADES ADICIONALES  DEL SECTOR FINANCIERO;NO;N;;;;;;;;;;;;;;;;;;;;;;
5789;110;TAMESIS;ANTIOQUIA;AUTO RETENCION ICA;2;UVT;1;2023;28;2023;28;POR UNIDAD;8;0;10,00;1,00;ACTIVO;1;22;13;TOTAL AUTORRETENCION POR UNIDADES ADICIONALES  DEL SECTOR FINANCIERO;NO;N;;;;;;;;;;;;;;;;;;;;;;
5792;111;TARSO;ANTIOQUIA;AUTO RETENCION ICA;2;UVT;1;2023;28;2023;28;POR UNIDAD;8;0;25,00;1,00;ACTIVO;1;22;13;TOTAL AUTORRETENCION POR UNIDADES ADICIONALES  DEL SECTOR FINANCIERO;NO;N;;;;;;;;;;;;;;;;;;;;;;
5837;125;TURBO;ANTIOQUIA;AUTO RETENCION ICA;2;UVT;1;2023;28;2023;28;POR UNIDAD;8;0;27,80;1,00;ACTIVO;1;22;13;TOTAL AUTORRETENCION POR UNIDADES ADICIONALES  DEL SECTOR FINANCIERO;NO;N;;;;;;;;;;;;;;;;;;;;;;
5854;49;VALDIVIA;ANTIOQUIA;AUTO RETENCION ICA;2;UVT;1;2023;28;2023;28;POR UNIDAD;8;0;27,80;1,00;ACTIVO;1;22;13;TOTAL AUTORRETENCION POR UNIDADES ADICIONALES  DEL SECTOR FINANCIERO;NO;N;;;;;;;;;;;;;;;;;;;;;;
5861;115;VENECIA;ANTIOQUIA;AUTO RETENCION ICA;2;UVT;1;2023;28;2023;28;POR UNIDAD;8;0;27,80;1,00;ACTIVO;1;22;13;TOTAL AUTORRETENCION POR UNIDADES ADICIONALES  DEL SECTOR FINANCIERO;NO;N;;;;;;;;;;;;;;;;;;;;;;
5887;50;YARUMAL;ANTIOQUIA;AUTO RETENCION ICA;2;UVT;1;2023;28;2023;28;POR UNIDAD;8;0;30,00;1,00;ACTIVO;1;22;13;TOTAL AUTORRETENCION POR UNIDADES ADICIONALES  DEL SECTOR FINANCIERO;NO;N;;;;;;;;;;;;;;;;;;;;;;
8001;146;BARRANQUILLA;ATLANTICO;AUTO RETENCION ICA;2;VABS;4;2023;33;2023;33;NO APLICA;6;0;0,00;0,00;ACTIVO;1;22;13;TOTAL AUTORRETENCION POR UNIDADES ADICIONALES  DEL SECTOR FINANCIERO;NO;N;;;;;;;;;;;;;;;;;;;;;;
8296;147;GALAPA;ATLANTICO;AUTO RETENCION ICA;2;UVT;1;2023;28;2023;28;POR UNIDAD;8;0;25,00;1,00;ACTIVO;1;22;13;TOTAL AUTORRETENCION POR UNIDADES ADICIONALES  DEL SECTOR FINANCIERO;NO;N;;;;;;;;;;;;;;;;;;;;;;
8433;148;MALAMBO;ATLANTICO;AUTO RETENCION ICA;2;UVT;1;2023;28;2023;28;POR UNIDAD;8;0;20,00;1,00;ACTIVO;1;22;13;TOTAL AUTORRETENCION POR UNIDADES ADICIONALES  DEL SECTOR FINANCIERO;NO;N;;;;;;;;;;;;;;;;;;;;;;
8573;149;PUERTO COLOMBIA;ATLANTICO;AUTO RETENCION ICA;2;NAP;5;2023;31;2023;31;NO APLICA;6;0;0,00;0,00;ACTIVO;1;22;13;TOTAL AUTORRETENCION POR UNIDADES ADICIONALES  DEL SECTOR FINANCIERO;NO;N;;;;;;;;;;;;;;;;;;;;;;
8638;163;SABANALARGA;ATLANTICO;AUTO RETENCION ICA;2;VABS;4;2023;33;2023;33;NO APLICA;6;747120;0,00;1,00;ACTIVO;1;22;13;TOTAL AUTORRETENCION POR UNIDADES ADICIONALES  DEL SECTOR FINANCIERO;NO;N;;;;;;;;;;;;;;;;;;;;;;
8758;150;SOLEDAD;ATLANTICO;AUTO RETENCION ICA;2;UVT;1;2023;28;2023;28;POR UNIDAD;8;0;24,00;1,00;ACTIVO;1;22;13;TOTAL AUTORRETENCION POR UNIDADES ADICIONALES  DEL SECTOR FINANCIERO;NO;N;;;;;;;;;;;;;;;;;;;;;;
11001;169;BOGOTA, D.C.;BOGOTA, D.C.;AUTO RETENCION ICA;2;NAP;5;2023;31;2023;31;NO APLICA;6;0;0,00;0,00;ACTIVO;1;22;13;TOTAL AUTORRETENCION POR UNIDADES ADICIONALES  DEL SECTOR FINANCIERO;NO;N;;;;;;;;;;;;;;;;;;;;;;
13001;179;CARTAGENA DE INDIAS;BOLIVAR;AUTO RETENCION ICA;2;SMDLV;3;2023;30;2023;30;POR UNIDAD;8;0;21,00;1,00;ACTIVO;1;22;13;TOTAL AUTORRETENCION POR UNIDADES ADICIONALES  DEL SECTOR FINANCIERO;NO;N;;;;;;;;;;;;;;;;;;;;;;
13052;176;ARJONA;BOLIVAR;AUTO RETENCION ICA;2;UVT;1;2023;28;2023;28;POR UNIDAD;8;0;25,00;1,00;ACTIVO;1;22;13;TOTAL AUTORRETENCION POR UNIDADES ADICIONALES  DEL SECTOR FINANCIERO;NO;N;;;;;;;;;;;;;;;;;;;;;;
13244;208;EL CARMEN DE BOLIVAR;BOLIVAR;AUTO RETENCION ICA;2;NAP;5;2023;31;2023;31;NO APLICA;6;0;0,00;0,00;ACTIVO;1;22;13;TOTAL AUTORRETENCION POR UNIDADES ADICIONALES  DEL SECTOR FINANCIERO;NO;N;;;;;;;;;;;;;;;;;;;;;;
13268;192;EL PENON;BOLIVAR;AUTO RETENCION ICA;2;UVT;1;2023;28;2023;28;POR UNIDAD;8;0;4,00;1,00;ACTIVO;1;22;13;TOTAL AUTORRETENCION POR UNIDADES ADICIONALES  DEL SECTOR FINANCIERO;NO;N;;;;;;;;;;;;;;;;;;;;;;
13430;203;MAGANGUE;BOLIVAR;AUTO RETENCION ICA;2;NAP;5;2023;31;2023;31;NO APLICA;6;0;0,00;0,00;ACTIVO;1;22;13;TOTAL AUTORRETENCION POR UNIDADES ADICIONALES  DEL SECTOR FINANCIERO;NO;N;;;;;;;;;;;;;;;;;;;;;;
13468;173;SANTA CRUZ DE MOMPOX;BOLIVAR;AUTO RETENCION ICA;2;SMMLV;2;2023;29;2023;29;POR UNIDAD;8;0;1,50;1,00;ACTIVO;1;22;13;TOTAL AUTORRETENCION POR UNIDADES ADICIONALES  DEL SECTOR FINANCIERO;NO;N;;;;;;;;;;;;;;;;;;;;;;
13667;195;SAN MARTIN DE LOBA;BOLIVAR;AUTO RETENCION ICA;2;SMMLV;2;2023;29;2023;29;POR UNIDAD;8;0;1,50;1,00;ACTIVO;1;22;13;TOTAL AUTORRETENCION POR UNIDADES ADICIONALES  DEL SECTOR FINANCIERO;NO;N;;;;;;;;;;;;;;;;;;;;;;
13744;201;SIMITI;BOLIVAR;AUTO RETENCION ICA;2;UVT;1;2023;28;2023;28;POR UNIDAD;8;0;25,00;1,00;ACTIVO;1;22;13;TOTAL AUTORRETENCION POR UNIDADES ADICIONALES  DEL SECTOR FINANCIERO;NO;N;;;;;;;;;;;;;;;;;;;;;;
13836;187;TURBACO;BOLIVAR;AUTO RETENCION ICA;2;NAP;5;2023;31;2023;31;NO APLICA;6;0;0,00;0,00;ACTIVO;1;22;13;TOTAL AUTORRETENCION POR UNIDADES ADICIONALES  DEL SECTOR FINANCIERO;NO;N;;;;;;;;;;;;;;;;;;;;;;
15001;227;TUNJA;BOYACA;AUTO RETENCION ICA;2;SMMLV;2;2023;29;2023;29;POR UNIDAD;8;0;1,50;1,00;ACTIVO;1;22;13;TOTAL AUTORRETENCION POR UNIDADES ADICIONALES  DEL SECTOR FINANCIERO;NO;N;;;;;;;;;;;;;;;;;;;;;;
15090;241;BERBEO;BOYACA;AUTO RETENCION ICA;2;SMMLV;2;2023;29;2023;29;POR UNIDAD;8;0;1,00;1,00;ACTIVO;1;22;13;TOTAL AUTORRETENCION POR UNIDADES ADICIONALES  DEL SECTOR FINANCIERO;NO;N;;;;;;;;;;;;;;;;;;;;;;
15176;275;CHIQUINQUIRA;BOYACA;AUTO RETENCION ICA;2;UVT;1;2023;28;2023;28;POR UNIDAD;8;0;30,00;1,00;ACTIVO;1;22;13;TOTAL AUTORRETENCION POR UNIDADES ADICIONALES  DEL SECTOR FINANCIERO;NO;N;;;;;;;;;;;;;;;;;;;;;;
15238;326;DUITAMA;BOYACA;AUTO RETENCION ICA;2;SMDLV;3;2023;30;2023;30;POR UNIDAD;8;0;8,00;1,00;ACTIVO;1;22;13;TOTAL AUTORRETENCION POR UNIDADES ADICIONALES  DEL SECTOR FINANCIERO;NO;N;;;;;;;;;;;;;;;;;;;;;;
15407;308;VILLA DE LEYVA;BOYACA;AUTO RETENCION ICA;2;SMDLV;3;2023;30;2023;30;POR UNIDAD;8;0;8,00;6,00;ACTIVO;1;22;13;TOTAL AUTORRETENCION POR UNIDADES ADICIONALES  DEL SECTOR FINANCIERO;NO;N;;;;;;;;;;;;;;;;;;;;;;
15455;243;MIRAFLORES;BOYACA;AUTO RETENCION ICA;2;VABS;4;2023;33;2023;33;NO APLICA;6;373560;0,00;1,00;ACTIVO;1;22;13;TOTAL AUTORRETENCION POR UNIDADES ADICIONALES  DEL SECTOR FINANCIERO;NO;N;;;;;;;;;;;;;;;;;;;;;;
15469;299;MONIQUIRA;BOYACA;AUTO RETENCION ICA;2;NAP;5;2023;31;2023;31;NO APLICA;6;0;0,00;0,00;ACTIVO;1;22;13;TOTAL AUTORRETENCION POR UNIDADES ADICIONALES  DEL SECTOR FINANCIERO;NO;N;;;;;;;;;;;;;;;;;;;;;;
15491;316;NOBSA;BOYACA;AUTO RETENCION ICA;2;NAP;5;2023;31;2023;31;NO APLICA;6;0;0,00;0,00;ACTIVO;1;22;13;TOTAL AUTORRETENCION POR UNIDADES ADICIONALES  DEL SECTOR FINANCIERO;NO;N;;;;;;;;;;;;;;;;;;;;;;
15516;328;PAIPA;BOYACA;AUTO RETENCION ICA;2;VABS;4;2023;33;2023;33;NO APLICA;6;373560;1,00;1,00;ACTIVO;1;22;13;TOTAL AUTORRETENCION POR UNIDADES ADICIONALES  DEL SECTOR FINANCIERO;NO;N;;;;;;;;;;;;;;;;;;;;;;
15572;282;PUERTO BOYACA;BOYACA;AUTO RETENCION ICA;2;NAP;5;2023;31;2023;31;NO APLICA;6;0;0,00;0,00;ACTIVO;1;22;13;TOTAL AUTORRETENCION POR UNIDADES ADICIONALES  DEL SECTOR FINANCIERO;NO;N;;;;;;;;;;;;;;;;;;;;;;
15646;221;SAMACA;BOYACA;AUTO RETENCION ICA;2;UVT;1;2023;28;2023;28;POR UNIDAD;8;0;33,00;1,00;ACTIVO;1;22;13;TOTAL AUTORRETENCION POR UNIDADES ADICIONALES  DEL SECTOR FINANCIERO;NO;N;;;;;;;;;;;;;;;;;;;;;;
15690;262;SANTA MARIA;BOYACA;AUTO RETENCION ICA;2;SMMLV;2;2023;29;2023;29;POR UNIDAD;8;0;1,50;1,00;ACTIVO;1;22;13;TOTAL AUTORRETENCION POR UNIDADES ADICIONALES  DEL SECTOR FINANCIERO;NO;N;;;;;;;;;;;;;;;;;;;;;;
15759;318;SOGAMOSO;BOYACA;AUTO RETENCION ICA;2;SMMLV;2;2023;29;2023;29;POR UNIDAD;8;0;1,00;1,00;ACTIVO;1;22;13;TOTAL AUTORRETENCION POR UNIDADES ADICIONALES  DEL SECTOR FINANCIERO;NO;N;;;;;;;;;;;;;;;;;;;;;;
17001;353;MANIZALES;CALDAS;AUTO RETENCION ICA;2;UVT;1;2023;28;2023;28;POR UNIDAD;8;0;24,00;1,00;ACTIVO;1;22;13;TOTAL AUTORRETENCION POR UNIDADES ADICIONALES  DEL SECTOR FINANCIERO;NO;N;;;;;;;;;;;;;;;;;;;;;;
17013;357;AGUADAS;CALDAS;AUTO RETENCION ICA;2;SMMLV;2;2023;29;2023;29;POR UNIDAD;8;0;2,00;1,00;ACTIVO;1;22;13;TOTAL AUTORRETENCION POR UNIDADES ADICIONALES  DEL SECTOR FINANCIERO;NO;N;;;;;;;;;;;;;;;;;;;;;;
17042;347;ANSERMA;CALDAS;AUTO RETENCION ICA;2;NAP;5;2023;31;2023;31;NO APLICA;6;0;0,00;0,00;ACTIVO;1;22;13;TOTAL AUTORRETENCION POR UNIDADES ADICIONALES  DEL SECTOR FINANCIERO;NO;N;;;;;;;;;;;;;;;;;;;;;;
17050;358;ARANZAZU;CALDAS;AUTO RETENCION ICA;2;NAP;5;2023;31;2023;31;NO APLICA;6;0;0,00;0,00;ACTIVO;1;22;13;TOTAL AUTORRETENCION POR UNIDADES ADICIONALES  DEL SECTOR FINANCIERO;NO;N;;;;;;;;;;;;;;;;;;;;;;
17050;358;ARANZAZU;CALDAS;AUTO RETENCION ICA;2;UVT;1;2023;28;2023;28;NO APLICA;6;0;1,00;1,00;ACTIVO;1;23;14;TOTAL AUTORRETENCIONES SOBRETASA BOMBERIL;NO;N;;;;;;;;;;;;;;;;;;;;;;
17174;352;CHINCHINA;CALDAS;AUTO RETENCION ICA;2;SMMLV;2;2023;29;2023;29;POR UNIDAD;8;0;1,00;1,00;ACTIVO;1;22;13;TOTAL AUTORRETENCION POR UNIDADES ADICIONALES  DEL SECTOR FINANCIERO;NO;N;;;;;;;;;;;;;;;;;;;;;;
17272;338;FILADELFIA;CALDAS;AUTO RETENCION ICA;2;SMMLV;2;2023;29;2023;29;POR UNIDAD;8;0;2,00;1,00;ACTIVO;1;22;13;TOTAL AUTORRETENCION POR UNIDADES ADICIONALES  DEL SECTOR FINANCIERO;NO;N;;;;;;;;;;;;;;;;;;;;;;
17380;361;LA DORADA;CALDAS;AUTO RETENCION ICA;2;VABS;4;2023;33;2023;33;NO APLICA;6;373560;0,00;1,00;ACTIVO;1;22;13;TOTAL AUTORRETENCION POR UNIDADES ADICIONALES  DEL SECTOR FINANCIERO;NO;N;;;;;;;;;;;;;;;;;;;;;;
17433;343;MANZANARES;CALDAS;AUTO RETENCION ICA;2;SMMLV;2;2023;29;2023;29;POR UNIDAD;8;0;0,50;1,00;ACTIVO;1;22;13;TOTAL AUTORRETENCION POR UNIDADES ADICIONALES  DEL SECTOR FINANCIERO;NO;N;;;;;;;;;;;;;;;;;;;;;;
17486;354;NEIRA;CALDAS;AUTO RETENCION ICA;2;NAP;5;2023;31;2023;31;NO APLICA;6;0;0,00;0,00;ACTIVO;1;22;13;TOTAL AUTORRETENCION POR UNIDADES ADICIONALES  DEL SECTOR FINANCIERO;NO;N;;;;;;;;;;;;;;;;;;;;;;
17513;359;PACORA;CALDAS;AUTO RETENCION ICA;2;UVT;1;2023;28;2023;28;POR UNIDAD;8;0;23,00;1,00;ACTIVO;1;22;13;TOTAL AUTORRETENCION POR UNIDADES ADICIONALES  DEL SECTOR FINANCIERO;NO;N;;;;;;;;;;;;;;;;;;;;;;
17524;355;PALESTINA;CALDAS;AUTO RETENCION ICA;2;UVT;1;2023;28;2023;28;POR UNIDAD;8;0;27,80;1,00;ACTIVO;1;22;13;TOTAL AUTORRETENCION POR UNIDADES ADICIONALES  DEL SECTOR FINANCIERO;NO;N;;;;;;;;;;;;;;;;;;;;;;
17541;346;PENSILVANIA;CALDAS;AUTO RETENCION ICA;2;NAP;5;2023;31;2023;31;NO APLICA;6;0;0,00;0,00;ACTIVO;1;22;13;TOTAL AUTORRETENCION POR UNIDADES ADICIONALES  DEL SECTOR FINANCIERO;NO;N;;;;;;;;;;;;;;;;;;;;;;
17614;341;RIOSUCIO;CALDAS;AUTO RETENCION ICA;2;NAP;5;2023;31;2023;31;NO APLICA;6;0;0,00;0,00;ACTIVO;1;22;13;TOTAL AUTORRETENCION POR UNIDADES ADICIONALES  DEL SECTOR FINANCIERO;NO;N;;;;;;;;;;;;;;;;;;;;;;
17653;360;SALAMINA;CALDAS;AUTO RETENCION ICA;2;SMMLV;2;2023;29;2023;29;POR UNIDAD;8;0;2,00;1,00;ACTIVO;1;22;13;TOTAL AUTORRETENCION POR UNIDADES ADICIONALES  DEL SECTOR FINANCIERO;NO;N;;;;;;;;;;;;;;;;;;;;;;
17777;342;SUPIA;CALDAS;AUTO RETENCION ICA;2;NAP;5;2023;31;2023;31;NO APLICA;6;0;0,00;0,00;ACTIVO;1;22;13;TOTAL AUTORRETENCION POR UNIDADES ADICIONALES  DEL SECTOR FINANCIERO;NO;N;;;;;;;;;;;;;;;;;;;;;;
17873;356;VILLAMARIA;CALDAS;AUTO RETENCION ICA;2;NAP;5;2023;31;2023;31;NO APLICA;6;0;0,00;0,00;ACTIVO;1;22;13;TOTAL AUTORRETENCION POR UNIDADES ADICIONALES  DEL SECTOR FINANCIERO;NO;N;;;;;;;;;;;;;;;;;;;;;;
18001;371;FLORENCIA;CAQUETA;AUTO RETENCION ICA;2;UVT;1;2023;28;2023;28;POR UNIDAD;8;0;100,00;1,00;ACTIVO;1;22;13;TOTAL AUTORRETENCION POR UNIDADES ADICIONALES  DEL SECTOR FINANCIERO;NO;N;;;;;;;;;;;;;;;;;;;;;;
19001;405;POPAYAN;CAUCA;AUTO RETENCION ICA;2;SMMLV;2;2023;29;2023;29;POR UNIDAD;8;0;1,00;1,00;ACTIVO;1;22;13;TOTAL AUTORRETENCION POR UNIDADES ADICIONALES  DEL SECTOR FINANCIERO;NO;N;;;;;;;;;;;;;;;;;;;;;;
19698;415;SANTANDER DE QUILICHAO;CAUCA;AUTO RETENCION ICA;2;UVT;1;2023;28;2023;28;POR UNIDAD;8;0;23,00;1,00;ACTIVO;1;22;13;TOTAL AUTORRETENCION POR UNIDADES ADICIONALES  DEL SECTOR FINANCIERO;NO;N;;;;;;;;;;;;;;;;;;;;;;
20001;457;VALLEDUPAR;CESAR;AUTO RETENCION ICA;2;UVT;1;2023;28;2023;28;POR UNIDAD;8;0;4,00;1,00;ACTIVO;1;22;13;TOTAL AUTORRETENCION POR UNIDADES ADICIONALES  DEL SECTOR FINANCIERO;NO;N;;;;;;;;;;;;;;;;;;;;;;
20011;458;AGUACHICA;CESAR;AUTO RETENCION ICA;2;NAP;5;2023;31;2023;31;NO APLICA;6;0;0,00;0,00;ACTIVO;1;22;13;TOTAL AUTORRETENCION POR UNIDADES ADICIONALES  DEL SECTOR FINANCIERO;NO;N;;;;;;;;;;;;;;;;;;;;;;
20013;452;AGUSTIN CODAZZI;CESAR;AUTO RETENCION ICA;2;UVT;1;2023;28;2023;28;POR UNIDAD;8;0;25,00;1,00;ACTIVO;1;22;13;TOTAL AUTORRETENCION POR UNIDADES ADICIONALES  DEL SECTOR FINANCIERO;NO;N;;;;;;;;;;;;;;;;;;;;;;
20060;449;BOSCONIA;CESAR;AUTO RETENCION ICA;2;UVT;1;2023;28;2023;28;POR UNIDAD;8;0;4,00;1,00;ACTIVO;1;22;13;TOTAL AUTORRETENCION POR UNIDADES ADICIONALES  DEL SECTOR FINANCIERO;NO;N;;;;;;;;;;;;;;;;;;;;;;
20175;442;CHIMICHAGUA;CESAR;AUTO RETENCION ICA;2;UVT;1;2023;28;2023;28;POR UNIDAD;8;0;4,00;1,00;ACTIVO;1;22;13;TOTAL AUTORRETENCION POR UNIDADES ADICIONALES  DEL SECTOR FINANCIERO;NO;N;;;;;;;;;;;;;;;;;;;;;;
20295;459;GAMARRA;CESAR;AUTO RETENCION ICA;2;UVT;1;2023;28;2023;28;POR UNIDAD;8;0;4,00;1,00;ACTIVO;1;22;13;TOTAL AUTORRETENCION POR UNIDADES ADICIONALES  DEL SECTOR FINANCIERO;NO;N;;;;;;;;;;;;;;;;;;;;;;
20750;456;SAN DIEGO;CESAR;AUTO RETENCION ICA;2;UVT;1;2023;28;2023;28;POR UNIDAD;8;0;4,00;1,00;ACTIVO;1;22;13;TOTAL AUTORRETENCION POR UNIDADES ADICIONALES  DEL SECTOR FINANCIERO;NO;N;;;;;;;;;;;;;;;;;;;;;;
20770;465;SAN MARTIN;CESAR;AUTO RETENCION ICA;2;VABS;4;2023;33;2023;33;NO APLICA;6;374000;0,00;1,00;ACTIVO;1;22;13;TOTAL AUTORRETENCION POR UNIDADES ADICIONALES  DEL SECTOR FINANCIERO;NO;N;;;;;;;;;;;;;;;;;;;;;;
23001;504;MONTERIA;CORDOBA;AUTO RETENCION ICA;2;UVT;1;2023;28;2023;28;POR UNIDAD;8;0;20,00;1,00;ACTIVO;1;22;13;TOTAL AUTORRETENCION POR UNIDADES ADICIONALES  DEL SECTOR FINANCIERO;NO;N;;;;;;;;;;;;;;;;;;;;;;
23162;521;CERETE;CORDOBA;AUTO RETENCION ICA;2;SMMLV;2;2023;29;2023;29;POR UNIDAD;8;0;0,50;1,00;ACTIVO;1;22;13;TOTAL AUTORRETENCION POR UNIDADES ADICIONALES  DEL SECTOR FINANCIERO;NO;N;;;;;;;;;;;;;;;;;;;;;;
23300;500;COTORRA;CORDOBA;AUTO RETENCION ICA;2;UVT;1;2023;28;2023;28;POR UNIDAD;8;0;25,00;1,00;ACTIVO;1;22;13;TOTAL AUTORRETENCION POR UNIDADES ADICIONALES  DEL SECTOR FINANCIERO;NO;N;;;;;;;;;;;;;;;;;;;;;;
23417;501;LORICA;CORDOBA;AUTO RETENCION ICA;2;UVT;1;2023;28;2023;28;POR UNIDAD;8;0;22,79;1,00;ACTIVO;1;22;13;TOTAL AUTORRETENCION POR UNIDADES ADICIONALES  DEL SECTOR FINANCIERO;NO;N;;;;;;;;;;;;;;;;;;;;;;
23686;524;SAN PELAYO;CORDOBA;AUTO RETENCION ICA;2;UVT;1;2023;28;2023;28;POR UNIDAD;8;0;27,80;1,00;ACTIVO;1;22;13;TOTAL AUTORRETENCION POR UNIDADES ADICIONALES  DEL SECTOR FINANCIERO;NO;N;;;;;;;;;;;;;;;;;;;;;;
25035;621;ANAPOIMA;CUNDINAMARCA;AUTO RETENCION ICA;2;SMDLV;3;2023;30;2023;30;POR UNIDAD;8;0;36,00;1,00;ACTIVO;1;22;13;TOTAL AUTORRETENCION POR UNIDADES ADICIONALES  DEL SECTOR FINANCIERO;NO;N;;;;;;;;;;;;;;;;;;;;;;
25040;622;ANOLAIMA;CUNDINAMARCA;AUTO RETENCION ICA;2;UVT;1;2023;28;2023;28;POR UNIDAD;8;0;27,80;1,00;ACTIVO;1;22;13;TOTAL AUTORRETENCION POR UNIDADES ADICIONALES  DEL SECTOR FINANCIERO;NO;N;;;;;;;;;;;;;;;;;;;;;;
25126;590;CAJICA;CUNDINAMARCA;AUTO RETENCION ICA;2;NAP;5;2023;31;2023;31;NO APLICA;6;0;0,00;0,00;ACTIVO;1;22;13;TOTAL AUTORRETENCION POR UNIDADES ADICIONALES  DEL SECTOR FINANCIERO;NO;N;;;;;;;;;;;;;;;;;;;;;;
25151;572;CAQUEZA;CUNDINAMARCA;AUTO RETENCION ICA;2;UVT;1;2023;28;2023;28;POR UNIDAD;8;0;18,00;1,00;ACTIVO;1;22;13;TOTAL AUTORRETENCION POR UNIDADES ADICIONALES  DEL SECTOR FINANCIERO;NO;N;;;;;;;;;;;;;;;;;;;;;;
25175;591;CHIA;CUNDINAMARCA;AUTO RETENCION ICA;2;UVT;1;2023;28;2023;28;POR UNIDAD;8;0;20,00;1,00;ACTIVO;1;22;13;TOTAL AUTORRETENCION POR UNIDADES ADICIONALES  DEL SECTOR FINANCIERO;NO;N;;;;;;;;;;;;;;;;;;;;;;
25214;600;COTA;CUNDINAMARCA;AUTO RETENCION ICA;2;UVT;1;2023;28;2023;28;POR UNIDAD;8;0;50,00;1,00;ACTIVO;1;22;13;TOTAL AUTORRETENCION POR UNIDADES ADICIONALES  DEL SECTOR FINANCIERO;NO;N;;;;;;;;;;;;;;;;;;;;;;
25245;625;EL COLEGIO;CUNDINAMARCA;AUTO RETENCION ICA;2;VABS;4;2023;33;2023;33;NO APLICA;6;374000;0,00;1,00;ACTIVO;1;22;13;TOTAL AUTORRETENCION POR UNIDADES ADICIONALES  DEL SECTOR FINANCIERO;NO;N;;;;;;;;;;;;;;;;;;;;;;
25260;601;EL ROSAL;CUNDINAMARCA;AUTO RETENCION ICA;2;UVT;1;2023;28;2023;28;POR UNIDAD;8;0;12,00;1,00;ACTIVO;1;22;13;TOTAL AUTORRETENCION POR UNIDADES ADICIONALES  DEL SECTOR FINANCIERO;NO;N;;;;;;;;;;;;;;;;;;;;;;
25269;602;FACATATIVA;CUNDINAMARCA;AUTO RETENCION ICA;2;UVT;1;2023;28;2023;28;POR UNIDAD;8;0;100,00;1,00;ACTIVO;1;22;13;TOTAL AUTORRETENCION POR UNIDADES ADICIONALES  DEL SECTOR FINANCIERO;NO;N;;;;;;;;;;;;;;;;;;;;;;
25286;603;FUNZA;CUNDINAMARCA;AUTO RETENCION ICA;2;UVT;1;2023;28;2023;28;POR UNIDAD;8;0;24,00;1,00;ACTIVO;1;22;13;TOTAL AUTORRETENCION POR UNIDADES ADICIONALES  DEL SECTOR FINANCIERO;NO;N;;;;;;;;;;;;;;;;;;;;;;
25290;613;FUSAGASUGA;CUNDINAMARCA;AUTO RETENCION ICA;2;UVT;1;2023;28;2023;28;POR UNIDAD;8;0;22,00;1,00;ACTIVO;1;22;13;TOTAL AUTORRETENCION POR UNIDADES ADICIONALES  DEL SECTOR FINANCIERO;NO;N;;;;;;;;;;;;;;;;;;;;;;
25293;555;GACHALA;CUNDINAMARCA;AUTO RETENCION ICA;2;VABS;4;2023;33;2023;33;NO APLICA;6;374000;0,00;1,00;ACTIVO;1;22;13;TOTAL AUTORRETENCION POR UNIDADES ADICIONALES  DEL SECTOR FINANCIERO;NO;N;;;;;;;;;;;;;;;;;;;;;;
25295;593;GACHANCIPA;CUNDINAMARCA;AUTO RETENCION ICA;2;NAP;5;2023;31;2023;31;NO APLICA;6;0;0,00;0,00;ACTIVO;1;22;13;TOTAL AUTORRETENCION POR UNIDADES ADICIONALES  DEL SECTOR FINANCIERO;NO;N;;;;;;;;;;;;;;;;;;;;;;
25307;533;GIRARDOT;CUNDINAMARCA;AUTO RETENCION ICA;2;UVT;1;2023;28;2023;28;POR UNIDAD;8;0;25,00;1,00;ACTIVO;1;22;13;TOTAL AUTORRETENCION POR UNIDADES ADICIONALES  DEL SECTOR FINANCIERO;NO;N;;;;;;;;;;;;;;;;;;;;;;
25312;614;GRANADA;CUNDINAMARCA;AUTO RETENCION ICA;2;SMMLV;2;2023;29;2023;29;POR UNIDAD;8;0;1,00;1,00;ACTIVO;1;22;13;TOTAL AUTORRETENCION POR UNIDADES ADICIONALES  DEL SECTOR FINANCIERO;NO;N;;;;;;;;;;;;;;;;;;;;;;
25320;541;GUADUAS;CUNDINAMARCA;AUTO RETENCION ICA;2;VABS;4;2023;33;2023;33;NO APLICA;6;711000;0,00;1,00;ACTIVO;1;22;13;TOTAL AUTORRETENCION POR UNIDADES ADICIONALES  DEL SECTOR FINANCIERO;NO;N;;;;;;;;;;;;;;;;;;;;;;
25322;558;GUASCA;CUNDINAMARCA;AUTO RETENCION ICA;2;NAP;5;2023;31;2023;31;NO APLICA;6;0;0,00;0,00;ACTIVO;1;22;13;TOTAL AUTORRETENCION POR UNIDADES ADICIONALES  DEL SECTOR FINANCIERO;NO;N;;;;;;;;;;;;;;;;;;;;;;
25377;561;LA CALERA;CUNDINAMARCA;AUTO RETENCION ICA;2;UVT;1;2023;28;2023;28;POR UNIDAD;8;0;30,00;1,00;ACTIVO;1;22;13;TOTAL AUTORRETENCION POR UNIDADES ADICIONALES  DEL SECTOR FINANCIERO;NO;N;;;;;;;;;;;;;;;;;;;;;;
25386;626;LA MESA;CUNDINAMARCA;AUTO RETENCION ICA;2;UVT;1;2023;28;2023;28;POR UNIDAD;8;0;50,00;1,00;ACTIVO;1;22;13;TOTAL AUTORRETENCION POR UNIDADES ADICIONALES  DEL SECTOR FINANCIERO;NO;N;;;;;;;;;;;;;;;;;;;;;;
25430;604;MADRID;CUNDINAMARCA;AUTO RETENCION ICA;2;UVT;1;2023;28;2023;28;POR UNIDAD;8;0;20,00;1,00;ACTIVO;1;22;13;TOTAL AUTORRETENCION POR UNIDADES ADICIONALES  DEL SECTOR FINANCIERO;NO;N;;;;;;;;;;;;;;;;;;;;;;
25473;605;MOSQUERA;CUNDINAMARCA;AUTO RETENCION ICA;2;UVT;1;2023;28;2023;28;POR UNIDAD;8;0;20,00;1,00;ACTIVO;1;22;13;TOTAL AUTORRETENCION POR UNIDADES ADICIONALES  DEL SECTOR FINANCIERO;NO;N;;;;;;;;;;;;;;;;;;;;;;
25488;537;NILO;CUNDINAMARCA;AUTO RETENCION ICA;2;SMMLV;2;2023;29;2023;29;POR UNIDAD;8;0;0,40;1,00;ACTIVO;1;22;13;TOTAL AUTORRETENCION POR UNIDADES ADICIONALES  DEL SECTOR FINANCIERO;NO;N;;;;;;;;;;;;;;;;;;;;;;
25513;584;PACHO;CUNDINAMARCA;AUTO RETENCION ICA;2;UVT;1;2023;28;2023;28;POR UNIDAD;8;0;7,00;6,00;ACTIVO;1;22;13;TOTAL AUTORRETENCION POR UNIDADES ADICIONALES  DEL SECTOR FINANCIERO;NO;N;;;;;;;;;;;;;;;;;;;;;;
25645;628;SAN ANTONIO DEL TEQUENDAMA;CUNDINAMARCA;AUTO RETENCION ICA;2;NAP;5;2023;31;2023;31;NO APLICA;6;0;0,00;0,00;ACTIVO;1;22;13;TOTAL AUTORRETENCION POR UNIDADES ADICIONALES  DEL SECTOR FINANCIERO;NO;N;;;;;;;;;;;;;;;;;;;;;;
25740;609;SIBATE;CUNDINAMARCA;AUTO RETENCION ICA;2;NAP;5;2023;31;2023;31;NO APLICA;6;0;0,00;0,00;ACTIVO;1;22;13;TOTAL AUTORRETENCION POR UNIDADES ADICIONALES  DEL SECTOR FINANCIERO;NO;N;;;;;;;;;;;;;;;;;;;;;;
25754;610;SOACHA;CUNDINAMARCA;AUTO RETENCION ICA;2;UVT;1;2023;28;2023;28;POR UNIDAD;8;0;0,26;1,00;ACTIVO;1;22;13;TOTAL AUTORRETENCION POR UNIDADES ADICIONALES  DEL SECTOR FINANCIERO;NO;N;;;;;;;;;;;;;;;;;;;;;;
25758;595;SOPO;CUNDINAMARCA;AUTO RETENCION ICA;2;NAP;5;2023;31;2023;31;NO APLICA;6;0;0,00;0,00;ACTIVO;1;22;13;TOTAL AUTORRETENCION POR UNIDADES ADICIONALES  DEL SECTOR FINANCIERO;NO;N;;;;;;;;;;;;;;;;;;;;;;
25769;606;SUBACHOQUE;CUNDINAMARCA;AUTO RETENCION ICA;2;UVT;1;2023;28;2023;28;POR UNIDAD;8;0;50,00;1,00;ACTIVO;1;22;13;TOTAL AUTORRETENCION POR UNIDADES ADICIONALES  DEL SECTOR FINANCIERO;NO;N;;;;;;;;;;;;;;;;;;;;;;
25799;607;TENJO;CUNDINAMARCA;AUTO RETENCION ICA;2;UVT;1;2023;28;2023;28;POR UNIDAD;8;0;10,00;1,00;ACTIVO;1;22;13;TOTAL AUTORRETENCION POR UNIDADES ADICIONALES  DEL SECTOR FINANCIERO;NO;N;;;;;;;;;;;;;;;;;;;;;;
25817;597;TOCANCIPA;CUNDINAMARCA;AUTO RETENCION ICA;2;UVT;1;2023;28;2023;28;POR UNIDAD;8;0;20,00;1,00;ACTIVO;1;22;13;TOTAL AUTORRETENCION POR UNIDADES ADICIONALES  DEL SECTOR FINANCIERO;NO;N;;;;;;;;;;;;;;;;;;;;;;
25843;640;VILLA DE SAN DIEGO DE UBATE;CUNDINAMARCA;AUTO RETENCION ICA;2;NAP;5;2023;31;2023;31;NO APLICA;6;0;0,00;0,00;ACTIVO;1;22;13;TOTAL AUTORRETENCION POR UNIDADES ADICIONALES  DEL SECTOR FINANCIERO;NO;N;;;;;;;;;;;;;;;;;;;;;;
25867;569;VIANI;CUNDINAMARCA;AUTO RETENCION ICA;2;UVT;1;2023;28;2023;28;POR UNIDAD;8;0;50,00;1,00;ACTIVO;1;22;13;TOTAL AUTORRETENCION POR UNIDADES ADICIONALES  DEL SECTOR FINANCIERO;NO;N;;;;;;;;;;;;;;;;;;;;;;
25875;554;VILLETA;CUNDINAMARCA;AUTO RETENCION ICA;2;SMMLV;2;2023;29;2023;29;POR UNIDAD;8;0;0,50;1,00;ACTIVO;1;22;13;TOTAL AUTORRETENCION POR UNIDADES ADICIONALES  DEL SECTOR FINANCIERO;NO;N;;;;;;;;;;;;;;;;;;;;;;
25899;598;ZIPAQUIRA;CUNDINAMARCA;AUTO RETENCION ICA;2;UVT;1;2023;28;2023;28;POR UNIDAD;8;0;50,00;1,00;ACTIVO;1;22;13;TOTAL AUTORRETENCION POR UNIDADES ADICIONALES  DEL SECTOR FINANCIERO;NO;N;;;;;;;;;;;;;;;;;;;;;;
27001;472;QUIBDO;CHOCO;AUTO RETENCION ICA;2;UVT;1;2023;28;2023;28;POR UNIDAD;8;0;50,00;1,00;ACTIVO;1;22;13;TOTAL AUTORRETENCION POR UNIDADES ADICIONALES  DEL SECTOR FINANCIERO;NO;N;;;;;;;;;;;;;;;;;;;;;;
41001;669;NEIVA;HUILA;AUTO RETENCION ICA;2;UVT;1;2023;28;2023;28;POR UNIDAD;8;0;45,00;1,00;ACTIVO;1;22;13;TOTAL AUTORRETENCION POR UNIDADES ADICIONALES  DEL SECTOR FINANCIERO;NO;N;;;;;;;;;;;;;;;;;;;;;;
41298;656;GARZON;HUILA;AUTO RETENCION ICA;2;NAP;5;2023;31;2023;31;NO APLICA;6;0;0,00;0,00;ACTIVO;1;22;13;TOTAL AUTORRETENCION POR UNIDADES ADICIONALES  DEL SECTOR FINANCIERO;NO;N;;;;;;;;;;;;;;;;;;;;;;
41396;678;LA PLATA;HUILA;AUTO RETENCION ICA;2;UVT;1;2023;28;2023;28;POR UNIDAD;8;0;20,00;1,00;ACTIVO;1;22;13;TOTAL AUTORRETENCION POR UNIDADES ADICIONALES  DEL SECTOR FINANCIERO;NO;N;;;;;;;;;;;;;;;;;;;;;;
41524;670;PALERMO;HUILA;AUTO RETENCION ICA;2;UVT;1;2023;28;2023;28;POR UNIDAD;8;0;45,00;1,00;ACTIVO;1;22;13;TOTAL AUTORRETENCION POR UNIDADES ADICIONALES  DEL SECTOR FINANCIERO;NO;N;;;;;;;;;;;;;;;;;;;;;;
41551;687;PITALITO;HUILA;AUTO RETENCION ICA;2;UVT;1;2023;28;2023;28;POR UNIDAD;8;0;20,00;1,00;ACTIVO;1;22;13;TOTAL AUTORRETENCION POR UNIDADES ADICIONALES  DEL SECTOR FINANCIERO;NO;N;;;;;;;;;;;;;;;;;;;;;;
44001;695;RIOHACHA;LA GUAJIRA;AUTO RETENCION ICA;2;SMMLV;2;2023;29;2023;29;POR UNIDAD;8;0;1,00;1,00;ACTIVO;1;22;13;TOTAL AUTORRETENCION POR UNIDADES ADICIONALES  DEL SECTOR FINANCIERO;NO;N;;;;;;;;;;;;;;;;;;;;;;
44279;700;FONSECA;LA GUAJIRA;AUTO RETENCION ICA;2;NAP;5;2023;31;2023;31;NO APLICA;6;0;0,00;0,00;ACTIVO;1;22;13;TOTAL AUTORRETENCION POR UNIDADES ADICIONALES  DEL SECTOR FINANCIERO;NO;N;;;;;;;;;;;;;;;;;;;;;;
44650;703;SAN JUAN DEL CESAR;LA GUAJIRA;AUTO RETENCION ICA;2;NAP;5;2023;31;2023;31;NO APLICA;6;0;0,00;0,00;ACTIVO;1;22;13;TOTAL AUTORRETENCION POR UNIDADES ADICIONALES  DEL SECTOR FINANCIERO;NO;N;;;;;;;;;;;;;;;;;;;;;;
44874;705;VILLANUEVA;LA GUAJIRA;AUTO RETENCION ICA;2;NAP;5;2023;31;2023;31;NO APLICA;6;0;0,00;0,00;ACTIVO;1;22;13;TOTAL AUTORRETENCION POR UNIDADES ADICIONALES  DEL SECTOR FINANCIERO;NO;N;;;;;;;;;;;;;;;;;;;;;;
47001;728;SANTA MARTA;MAGDALENA;AUTO RETENCION ICA;2;UVT;1;2023;28;2023;28;POR UNIDAD;8;0;19,70;1,00;ACTIVO;1;22;13;TOTAL AUTORRETENCION POR UNIDADES ADICIONALES  DEL SECTOR FINANCIERO;NO;N;;;;;;;;;;;;;;;;;;;;;;
47189;714;CIENAGA;MAGDALENA;AUTO RETENCION ICA;2;UVT;1;2023;28;2023;28;POR UNIDAD;8;0;2,00;1,00;ACTIVO;1;22;13;TOTAL AUTORRETENCION POR UNIDADES ADICIONALES  DEL SECTOR FINANCIERO;NO;N;;;;;;;;;;;;;;;;;;;;;;
47245;729;EL BANCO;MAGDALENA;AUTO RETENCION ICA;2;NAP;5;2023;31;2023;31;NO APLICA;6;0;0,00;0,00;ACTIVO;1;22;13;TOTAL AUTORRETENCION POR UNIDADES ADICIONALES  DEL SECTOR FINANCIERO;NO;N;;;;;;;;;;;;;;;;;;;;;;
47288;716;FUNDACION;MAGDALENA;AUTO RETENCION ICA;2;SMMLV;2;2023;29;2023;29;POR UNIDAD;8;0;0,46;1,00;ACTIVO;1;22;13;TOTAL AUTORRETENCION POR UNIDADES ADICIONALES  DEL SECTOR FINANCIERO;NO;N;;;;;;;;;;;;;;;;;;;;;;
47318;730;GUAMAL;MAGDALENA;AUTO RETENCION ICA;2;SMMLV;2;2023;29;2023;29;POR UNIDAD;8;0;1,00;1,00;ACTIVO;1;22;13;TOTAL AUTORRETENCION POR UNIDADES ADICIONALES  DEL SECTOR FINANCIERO;NO;N;;;;;;;;;;;;;;;;;;;;;;
47555;709;PLATO;MAGDALENA;AUTO RETENCION ICA;2;UVT;1;2023;28;2023;28;POR UNIDAD;8;0;50,00;1,00;ACTIVO;1;22;13;TOTAL AUTORRETENCION POR UNIDADES ADICIONALES  DEL SECTOR FINANCIERO;NO;N;;;;;;;;;;;;;;;;;;;;;;
47703;733;SAN ZENON;MAGDALENA;AUTO RETENCION ICA;2;UVT;1;2023;28;2023;28;POR UNIDAD;8;0;25,00;1,00;ACTIVO;1;22;13;TOTAL AUTORRETENCION POR UNIDADES ADICIONALES  DEL SECTOR FINANCIERO;NO;N;;;;;;;;;;;;;;;;;;;;;;
50001;750;VILLAVICENCIO;META;AUTO RETENCION ICA;2;UVT;1;2023;28;2023;28;POR UNIDAD;8;0;50,00;1,00;ACTIVO;1;22;13;TOTAL AUTORRETENCION POR UNIDADES ADICIONALES  DEL SECTOR FINANCIERO;NO;N;;;;;;;;;;;;;;;;;;;;;;
50006;751;ACACIAS;META;AUTO RETENCION ICA;2;SMMLV;2;2023;29;2023;29;POR UNIDAD;8;0;1,00;1,00;ACTIVO;1;22;13;TOTAL AUTORRETENCION POR UNIDADES ADICIONALES  DEL SECTOR FINANCIERO;NO;N;;;;;;;;;;;;;;;;;;;;;;
50110;752;BARRANCA DE UPIA;META;AUTO RETENCION ICA;2;UVT;1;2023;28;2023;28;POR UNIDAD;8;0;20,00;1,00;ACTIVO;1;22;13;TOTAL AUTORRETENCION POR UNIDADES ADICIONALES  DEL SECTOR FINANCIERO;NO;N;;;;;;;;;;;;;;;;;;;;;;
50251;736;EL CASTILLO;META;AUTO RETENCION ICA;2;UVT;1;2023;28;2023;28;POR UNIDAD;8;0;24,00;1,00;ACTIVO;1;22;13;TOTAL AUTORRETENCION POR UNIDADES ADICIONALES  DEL SECTOR FINANCIERO;NO;N;;;;;;;;;;;;;;;;;;;;;;
50313;739;GRANADA;META;AUTO RETENCION ICA;2;UVT;1;2023;28;2023;28;POR UNIDAD;8;0;20,00;1,00;ACTIVO;1;22;13;TOTAL AUTORRETENCION POR UNIDADES ADICIONALES  DEL SECTOR FINANCIERO;NO;N;;;;;;;;;;;;;;;;;;;;;;
50325;743;MAPIRIPAN;META;AUTO RETENCION ICA;2;SMMLV;2;2023;29;2023;29;POR UNIDAD;8;0;1,00;1,00;ACTIVO;1;22;13;TOTAL AUTORRETENCION POR UNIDADES ADICIONALES  DEL SECTOR FINANCIERO;NO;N;;;;;;;;;;;;;;;;;;;;;;
50450;745;PUERTO CONCORDIA;META;AUTO RETENCION ICA;2;SMMLV;2;2023;29;2023;29;POR UNIDAD;8;0;1,00;1,00;ACTIVO;1;22;13;TOTAL AUTORRETENCION POR UNIDADES ADICIONALES  DEL SECTOR FINANCIERO;NO;N;;;;;;;;;;;;;;;;;;;;;;
50568;763;PUERTO GAITAN;META;AUTO RETENCION ICA;2;UVT;1;2023;28;2023;28;POR UNIDAD;8;0;27,80;1,00;ACTIVO;1;22;13;TOTAL AUTORRETENCION POR UNIDADES ADICIONALES  DEL SECTOR FINANCIERO;NO;N;;;;;;;;;;;;;;;;;;;;;;
50573;764;PUERTO LOPEZ;META;AUTO RETENCION ICA;2;NAP;5;2023;31;2023;31;NO APLICA;6;0;0,00;0,00;ACTIVO;1;22;13;TOTAL AUTORRETENCION POR UNIDADES ADICIONALES  DEL SECTOR FINANCIERO;NO;N;;;;;;;;;;;;;;;;;;;;;;
50680;758;SAN CARLOS DE GUAROA;META;AUTO RETENCION ICA;2;SMMLV;2;2023;29;2023;29;POR UNIDAD;8;0;1,00;1,00;ACTIVO;1;22;13;TOTAL AUTORRETENCION POR UNIDADES ADICIONALES  DEL SECTOR FINANCIERO;NO;N;;;;;;;;;;;;;;;;;;;;;;
50689;761;SAN MARTIN;META;AUTO RETENCION ICA;2;SMMLV;2;2023;29;2023;29;POR UNIDAD;8;0;1,00;1,00;ACTIVO;1;22;13;TOTAL AUTORRETENCION POR UNIDADES ADICIONALES  DEL SECTOR FINANCIERO;NO;N;;;;;;;;;;;;;;;;;;;;;;
50711;749;VISTAHERMOSA;META;AUTO RETENCION ICA;2;SMMLV;2;2023;29;2023;29;POR UNIDAD;8;0;1,00;1,00;ACTIVO;1;22;13;TOTAL AUTORRETENCION POR UNIDADES ADICIONALES  DEL SECTOR FINANCIERO;NO;N;;;;;;;;;;;;;;;;;;;;;;
52001;771;PASTO;NARINO;AUTO RETENCION ICA;2;UVT;1;2023;28;2023;28;POR UNIDAD;8;0;23,14;1,00;ACTIVO;1;22;13;TOTAL AUTORRETENCION POR UNIDADES ADICIONALES  DEL SECTOR FINANCIERO;NO;N;;;;;;;;;;;;;;;;;;;;;;
52254;767;EL PENOL;NARINO;AUTO RETENCION ICA;2;UVT;1;2023;28;2023;28;POR UNIDAD;8;0;20,00;1,00;ACTIVO;1;22;13;TOTAL AUTORRETENCION POR UNIDADES ADICIONALES  DEL SECTOR FINANCIERO;NO;N;;;;;;;;;;;;;;;;;;;;;;
52287;820;FUNES;NARINO;AUTO RETENCION ICA;2;UVT;1;2023;28;2023;28;POR UNIDAD;8;0;20,00;1,00;ACTIVO;1;22;13;TOTAL AUTORRETENCION POR UNIDADES ADICIONALES  DEL SECTOR FINANCIERO;NO;N;;;;;;;;;;;;;;;;;;;;;;
52356;825;IPIALES;NARINO;AUTO RETENCION ICA;2;VABS;4;2023;33;2023;33;NO APLICA;6;203000;0,00;1,00;ACTIVO;1;22;13;TOTAL AUTORRETENCION POR UNIDADES ADICIONALES  DEL SECTOR FINANCIERO;NO;N;;;;;;;;;;;;;;;;;;;;;;
52399;807;LA UNION;NARINO;AUTO RETENCION ICA;2;UVT;1;2023;28;2023;28;POR UNIDAD;8;0;20,00;1,00;ACTIVO;1;22;13;TOTAL AUTORRETENCION POR UNIDADES ADICIONALES  DEL SECTOR FINANCIERO;NO;N;;;;;;;;;;;;;;;;;;;;;;
52835;797;SAN ANDRES DE TUMACO;NARINO;AUTO RETENCION ICA;2;UVT;1;2023;28;2023;28;POR UNIDAD;8;0;7,50;1,00;ACTIVO;1;22;13;TOTAL AUTORRETENCION POR UNIDADES ADICIONALES  DEL SECTOR FINANCIERO;NO;N;;;;;;;;;;;;;;;;;;;;;;
52838;787;TUQUERRES;NARINO;AUTO RETENCION ICA;2;UVT;1;2023;28;2023;28;POR UNIDAD;8;0;15,00;1,00;ACTIVO;1;22;13;TOTAL AUTORRETENCION POR UNIDADES ADICIONALES  DEL SECTOR FINANCIERO;NO;N;;;;;;;;;;;;;;;;;;;;;;
54001;850;SAN JOSE DE CUCUTA;NORTE DE SANTANDER;AUTO RETENCION ICA;2;NAP;5;2023;31;2023;31;NO APLICA;6;0;0,00;0,00;ACTIVO;1;22;13;TOTAL AUTORRETENCION POR UNIDADES ADICIONALES  DEL SECTOR FINANCIERO;NO;N;;;;;;;;;;;;;;;;;;;;;;
54405;852;LOS PATIOS;NORTE DE SANTANDER;AUTO RETENCION ICA;2;NAP;5;2023;31;2023;31;NO APLICA;6;0;0,00;0,00;ACTIVO;1;22;13;TOTAL AUTORRETENCION POR UNIDADES ADICIONALES  DEL SECTOR FINANCIERO;NO;N;;;;;;;;;;;;;;;;;;;;;;
54498;847;OCANA;NORTE DE SANTANDER;AUTO RETENCION ICA;2;VABS;4;2023;33;2023;33;NO APLICA;6;434550;0,00;1,00;ACTIVO;1;22;13;TOTAL AUTORRETENCION POR UNIDADES ADICIONALES  DEL SECTOR FINANCIERO;NO;N;;;;;;;;;;;;;;;;;;;;;;
54518;859;PAMPLONA;NORTE DE SANTANDER;AUTO RETENCION ICA;2;SMDLV;3;2023;30;2023;30;POR UNIDAD;8;0;4,00;1,00;ACTIVO;1;22;13;TOTAL AUTORRETENCION POR UNIDADES ADICIONALES  DEL SECTOR FINANCIERO;NO;N;;;;;;;;;;;;;;;;;;;;;;
54874;855;VILLA DEL ROSARIO;NORTE DE SANTANDER;AUTO RETENCION ICA;2;NAP;5;2023;31;2023;31;NO APLICA;6;0;0,00;0,00;ACTIVO;1;22;13;TOTAL AUTORRETENCION POR UNIDADES ADICIONALES  DEL SECTOR FINANCIERO;NO;N;;;;;;;;;;;;;;;;;;;;;;
63001;882;ARMENIA;QUINDIO;AUTO RETENCION ICA;2;UVT;1;2023;28;2023;28;POR UNIDAD;8;0;14,50;1,00;ACTIVO;1;22;13;TOTAL AUTORRETENCION POR UNIDADES ADICIONALES  DEL SECTOR FINANCIERO;NO;N;;;;;;;;;;;;;;;;;;;;;;
63130;884;CALARCA;QUINDIO;AUTO RETENCION ICA;2;NAP;5;2023;31;2023;31;NO APLICA;6;0;0,00;0,00;ACTIVO;1;22;13;TOTAL AUTORRETENCION POR UNIDADES ADICIONALES  DEL SECTOR FINANCIERO;NO;N;;;;;;;;;;;;;;;;;;;;;;
63190;890;CIRCASIA;QUINDIO;AUTO RETENCION ICA;2;NAP;5;2023;31;2023;31;NO APLICA;6;0;0,00;0,00;ACTIVO;1;22;13;TOTAL AUTORRETENCION POR UNIDADES ADICIONALES  DEL SECTOR FINANCIERO;NO;N;;;;;;;;;;;;;;;;;;;;;;
63302;886;GENOVA;QUINDIO;AUTO RETENCION ICA;2;NAP;5;2023;31;2023;31;NO APLICA;6;0;0,00;0,00;ACTIVO;1;22;13;TOTAL AUTORRETENCION POR UNIDADES ADICIONALES  DEL SECTOR FINANCIERO;NO;N;;;;;;;;;;;;;;;;;;;;;;
63401;891;LA TEBAIDA;QUINDIO;AUTO RETENCION ICA;2;VABS;4;2023;33;2023;33;NO APLICA;6;354628;0,00;1,00;ACTIVO;1;22;13;TOTAL AUTORRETENCION POR UNIDADES ADICIONALES  DEL SECTOR FINANCIERO;NO;N;;;;;;;;;;;;;;;;;;;;;;
63470;892;MONTENEGRO;QUINDIO;AUTO RETENCION ICA;2;SMMLV;2;2023;29;2023;29;POR UNIDAD;8;0;1,00;1,00;ACTIVO;1;22;13;TOTAL AUTORRETENCION POR UNIDADES ADICIONALES  DEL SECTOR FINANCIERO;NO;N;;;;;;;;;;;;;;;;;;;;;;
63594;893;QUIMBAYA;QUINDIO;AUTO RETENCION ICA;2;NAP;5;2023;31;2023;31;NO APLICA;6;0;0,00;0,00;ACTIVO;1;22;13;TOTAL AUTORRETENCION POR UNIDADES ADICIONALES  DEL SECTOR FINANCIERO;NO;N;;;;;;;;;;;;;;;;;;;;;;
63690;889;SALENTO;QUINDIO;AUTO RETENCION ICA;2;SMMLV;2;2023;29;2023;29;POR UNIDAD;8;0;2,00;1,00;ACTIVO;1;22;13;TOTAL AUTORRETENCION POR UNIDADES ADICIONALES  DEL SECTOR FINANCIERO;NO;N;;;;;;;;;;;;;;;;;;;;;;
66001;897;PEREIRA;RISARALDA;AUTO RETENCION ICA;2;VABS;4;2023;33;2023;33;NO APLICA;6;386840;1,00;1,00;ACTIVO;1;22;13;TOTAL AUTORRETENCION POR UNIDADES ADICIONALES  DEL SECTOR FINANCIERO;NO;N;;;;;;;;;;;;;;;;;;;;;;
66045;899;APIA;RISARALDA;AUTO RETENCION ICA;2;VABS;4;2023;33;2023;33;NO APLICA;6;676354;0,00;1,00;ACTIVO;1;22;13;TOTAL AUTORRETENCION POR UNIDADES ADICIONALES  DEL SECTOR FINANCIERO;NO;N;;;;;;;;;;;;;;;;;;;;;;
66088;901;BELEN DE UMBRIA;RISARALDA;AUTO RETENCION ICA;2;NAP;5;2023;31;2023;31;NO APLICA;6;0;0,00;0,00;ACTIVO;1;22;13;TOTAL AUTORRETENCION POR UNIDADES ADICIONALES  DEL SECTOR FINANCIERO;NO;N;;;;;;;;;;;;;;;;;;;;;;
66170;894;DOSQUEBRADAS;RISARALDA;AUTO RETENCION ICA;2;UVT;1;2023;28;2023;28;POR UNIDAD;8;0;40,00;1,00;ACTIVO;1;22;13;TOTAL AUTORRETENCION POR UNIDADES ADICIONALES  DEL SECTOR FINANCIERO;NO;N;;;;;;;;;;;;;;;;;;;;;;
66400;895;LA VIRGINIA;RISARALDA;AUTO RETENCION ICA;2;UVT;1;2023;28;2023;28;POR UNIDAD;8;0;25,00;1,00;ACTIVO;1;22;13;TOTAL AUTORRETENCION POR UNIDADES ADICIONALES  DEL SECTOR FINANCIERO;NO;N;;;;;;;;;;;;;;;;;;;;;;
66440;896;MARSELLA;RISARALDA;AUTO RETENCION ICA;2;NAP;5;2023;31;2023;31;NO APLICA;6;0;0,00;0,00;ACTIVO;1;22;13;TOTAL AUTORRETENCION POR UNIDADES ADICIONALES  DEL SECTOR FINANCIERO;NO;N;;;;;;;;;;;;;;;;;;;;;;
66594;904;QUINCHIA;RISARALDA;AUTO RETENCION ICA;2;NAP;5;2023;31;2023;31;NO APLICA;6;0;0,00;0,00;ACTIVO;1;22;13;TOTAL AUTORRETENCION POR UNIDADES ADICIONALES  DEL SECTOR FINANCIERO;NO;N;;;;;;;;;;;;;;;;;;;;;;
66682;898;SANTA ROSA DE CABAL;RISARALDA;AUTO RETENCION ICA;2;VABS;4;2023;33;2023;33;NO APLICA;6;5000;0,00;1,00;ACTIVO;1;22;13;TOTAL AUTORRETENCION POR UNIDADES ADICIONALES  DEL SECTOR FINANCIERO;NO;N;;;;;;;;;;;;;;;;;;;;;;
66687;905;SANTUARIO;RISARALDA;AUTO RETENCION ICA;2;VABS;4;2023;33;2023;33;NO APLICA;6;250000;0,00;1,00;ACTIVO;1;22;13;TOTAL AUTORRETENCION POR UNIDADES ADICIONALES  DEL SECTOR FINANCIERO;NO;N;;;;;;;;;;;;;;;;;;;;;;
68001;961;BUCARAMANGA;SANTANDER;AUTO RETENCION ICA;2;UVT;1;2023;28;2023;28;POR UNIDAD;8;0;4,00;1,00;ACTIVO;1;22;13;TOTAL AUTORRETENCION POR UNIDADES ADICIONALES  DEL SECTOR FINANCIERO;NO;N;;;;;;;;;;;;;;;;;;;;;;
68077;978;BARBOSA;SANTANDER;AUTO RETENCION ICA;2;NAP;5;2023;31;2023;31;NO APLICA;6;0;0,00;0,00;ACTIVO;1;22;13;TOTAL AUTORRETENCION POR UNIDADES ADICIONALES  DEL SECTOR FINANCIERO;NO;N;;;;;;;;;;;;;;;;;;;;;;
68081;954;BARRANCABERMEJA;SANTANDER;AUTO RETENCION ICA;2;SMDLV;3;2023;30;2023;30;POR UNIDAD;8;0;2,00;1,00;ACTIVO;1;22;13;TOTAL AUTORRETENCION POR UNIDADES ADICIONALES  DEL SECTOR FINANCIERO;NO;N;;;;;;;;;;;;;;;;;;;;;;
68160;926;CEPITA;SANTANDER;AUTO RETENCION ICA;2;UVT;1;2023;28;2023;28;POR UNIDAD;8;0;30,00;1,00;ACTIVO;1;22;13;TOTAL AUTORRETENCION POR UNIDADES ADICIONALES  DEL SECTOR FINANCIERO;NO;N;;;;;;;;;;;;;;;;;;;;;;
68167;940;CHARALA;SANTANDER;AUTO RETENCION ICA;2;UVT;1;2023;28;2023;28;POR UNIDAD;8;0;4,00;1,00;ACTIVO;1;22;13;TOTAL AUTORRETENCION POR UNIDADES ADICIONALES  DEL SECTOR FINANCIERO;NO;N;;;;;;;;;;;;;;;;;;;;;;
68276;965;FLORIDABLANCA;SANTANDER;AUTO RETENCION ICA;2;UVT;1;2023;28;2023;28;POR UNIDAD;8;0;23,00;1,00;ACTIVO;1;22;13;TOTAL AUTORRETENCION POR UNIDADES ADICIONALES  DEL SECTOR FINANCIERO;NO;N;;;;;;;;;;;;;;;;;;;;;;
68307;966;GIRON;SANTANDER;AUTO RETENCION ICA;2;UVT;1;2023;28;2023;28;POR UNIDAD;8;0;25,00;1,00;ACTIVO;1;22;13;TOTAL AUTORRETENCION POR UNIDADES ADICIONALES  DEL SECTOR FINANCIERO;NO;N;;;;;;;;;;;;;;;;;;;;;;
68322;915;GUAPOTA;SANTANDER;AUTO RETENCION ICA;2;NAP;5;2023;31;2023;31;NO APLICA;6;0;0,00;0,00;ACTIVO;1;22;13;TOTAL AUTORRETENCION POR UNIDADES ADICIONALES  DEL SECTOR FINANCIERO;NO;N;;;;;;;;;;;;;;;;;;;;;;
68324;984;GUAVATA;SANTANDER;AUTO RETENCION ICA;2;UVT;1;2023;28;2023;28;POR UNIDAD;8;0;28,00;1,00;ACTIVO;1;22;13;TOTAL AUTORRETENCION POR UNIDADES ADICIONALES  DEL SECTOR FINANCIERO;NO;N;;;;;;;;;;;;;;;;;;;;;;
68344;916;HATO;SANTANDER;AUTO RETENCION ICA;2;NAP;5;2023;31;2023;31;NO APLICA;6;0;0,00;0,00;ACTIVO;1;22;13;TOTAL AUTORRETENCION POR UNIDADES ADICIONALES  DEL SECTOR FINANCIERO;NO;N;;;;;;;;;;;;;;;;;;;;;;
68406;967;LEBRIJA;SANTANDER;AUTO RETENCION ICA;2;UVT;1;2023;28;2023;28;POR UNIDAD;8;0;21,00;1,00;ACTIVO;1;22;13;TOTAL AUTORRETENCION POR UNIDADES ADICIONALES  DEL SECTOR FINANCIERO;NO;N;;;;;;;;;;;;;;;;;;;;;;
68500;917;OIBA;SANTANDER;AUTO RETENCION ICA;2;UVT;1;2023;28;2023;28;POR UNIDAD;8;0;50,00;1,00;ACTIVO;1;22;13;TOTAL AUTORRETENCION POR UNIDADES ADICIONALES  DEL SECTOR FINANCIERO;NO;N;;;;;;;;;;;;;;;;;;;;;;
68547;970;PIEDECUESTA;SANTANDER;AUTO RETENCION ICA;2;UVT;1;2023;28;2023;28;POR UNIDAD;8;0;21,00;1,00;ACTIVO;1;22;13;TOTAL AUTORRETENCION POR UNIDADES ADICIONALES  DEL SECTOR FINANCIERO;NO;N;;;;;;;;;;;;;;;;;;;;;;
68615;971;RIONEGRO;SANTANDER;AUTO RETENCION ICA;2;NAP;5;2023;31;2023;31;PORCENTUAL;1;0;10,00;1,00;ACTIVO;1;22;13;TOTAL AUTORRETENCION POR UNIDADES ADICIONALES  DEL SECTOR FINANCIERO;NO;N;;;;;;;;;;;;;;;;;;;;;;
68679;950;SAN GIL;SANTANDER;AUTO RETENCION ICA;2;SMMLV;2;2023;29;2023;29;POR UNIDAD;8;0;1,50;1,00;ACTIVO;1;22;13;TOTAL AUTORRETENCION POR UNIDADES ADICIONALES  DEL SECTOR FINANCIERO;NO;N;;;;;;;;;;;;;;;;;;;;;;
68689;959;SAN VICENTE DE CHUCURI;SANTANDER;AUTO RETENCION ICA;2;SMMLV;2;2023;29;2023;29;POR UNIDAD;8;0;1,00;1,00;ACTIVO;1;22;13;TOTAL AUTORRETENCION POR UNIDADES ADICIONALES  DEL SECTOR FINANCIERO;NO;N;;;;;;;;;;;;;;;;;;;;;;
68745;921;SIMACOTA;SANTANDER;AUTO RETENCION ICA;2;NAP;5;2023;31;2023;31;NO APLICA;6;0;0,00;0,00;ACTIVO;1;22;13;TOTAL AUTORRETENCION POR UNIDADES ADICIONALES  DEL SECTOR FINANCIERO;NO;N;;;;;;;;;;;;;;;;;;;;;;
68755;922;SOCORRO;SANTANDER;AUTO RETENCION ICA;2;UVT;1;2023;28;2023;28;POR UNIDAD;8;0;4,00;1,00;ACTIVO;1;22;13;TOTAL AUTORRETENCION POR UNIDADES ADICIONALES  DEL SECTOR FINANCIERO;NO;N;;;;;;;;;;;;;;;;;;;;;;
68770;923;SUAITA;SANTANDER;AUTO RETENCION ICA;2;UVT;1;2023;28;2023;28;POR UNIDAD;8;0;5,00;1,00;ACTIVO;1;22;13;TOTAL AUTORRETENCION POR UNIDADES ADICIONALES  DEL SECTOR FINANCIERO;NO;N;;;;;;;;;;;;;;;;;;;;;;
70001;1002;SINCELEJO;SUCRE;AUTO RETENCION ICA;2;UVT;1;2023;28;2023;28;POR UNIDAD;8;0;22,80;1,00;ACTIVO;1;22;13;TOTAL AUTORRETENCION POR UNIDADES ADICIONALES  DEL SECTOR FINANCIERO;NO;N;;;;;;;;;;;;;;;;;;;;;;
70110;1008;BUENAVISTA;SUCRE;AUTO RETENCION ICA;2;SMMLV;2;2023;29;2023;29;POR UNIDAD;8;0;1,00;1,00;ACTIVO;1;22;13;TOTAL AUTORRETENCION POR UNIDADES ADICIONALES  DEL SECTOR FINANCIERO;NO;N;;;;;;;;;;;;;;;;;;;;;;
70215;1009;COROZAL;SUCRE;AUTO RETENCION ICA;2;NAP;5;2023;31;2023;31;NO APLICA;6;0;0,00;0,00;ACTIVO;1;22;13;TOTAL AUTORRETENCION POR UNIDADES ADICIONALES  DEL SECTOR FINANCIERO;NO;N;;;;;;;;;;;;;;;;;;;;;;
70265;995;GUARANDA;SUCRE;AUTO RETENCION ICA;2;NAP;5;2023;31;2023;31;NO APLICA;6;0;0,00;0,00;ACTIVO;1;22;13;TOTAL AUTORRETENCION POR UNIDADES ADICIONALES  DEL SECTOR FINANCIERO;NO;N;;;;;;;;;;;;;;;;;;;;;;
70678;1019;SAN BENITO ABAD;SUCRE;AUTO RETENCION ICA;2;UVT;1;2023;28;2023;28;POR UNIDAD;8;0;19,70;1,00;ACTIVO;1;22;13;TOTAL AUTORRETENCION POR UNIDADES ADICIONALES  DEL SECTOR FINANCIERO;NO;N;;;;;;;;;;;;;;;;;;;;;;
70702;1014;SAN JUAN DE BETULIA;SUCRE;AUTO RETENCION ICA;2;NAP;5;2023;31;2023;31;NO APLICA;6;0;0,00;0,00;ACTIVO;1;22;13;TOTAL AUTORRETENCION POR UNIDADES ADICIONALES  DEL SECTOR FINANCIERO;NO;N;;;;;;;;;;;;;;;;;;;;;;
70708;1020;SAN MARCOS;SUCRE;AUTO RETENCION ICA;2;NAP;5;2023;31;2023;31;NO APLICA;6;0;0,00;0,00;ACTIVO;1;22;13;TOTAL AUTORRETENCION POR UNIDADES ADICIONALES  DEL SECTOR FINANCIERO;NO;N;;;;;;;;;;;;;;;;;;;;;;
73001;1048;IBAGUE;TOLIMA;AUTO RETENCION ICA;2;UVT;1;2023;28;2023;28;POR UNIDAD;8;0;28,00;1,00;ACTIVO;1;22;13;TOTAL AUTORRETENCION POR UNIDADES ADICIONALES  DEL SECTOR FINANCIERO;NO;N;;;;;;;;;;;;;;;;;;;;;;
73055;1022;ARMERO;TOLIMA;AUTO RETENCION ICA;2;NAP;5;2023;31;2023;31;NO APLICA;6;0;0,00;0,00;ACTIVO;1;22;13;TOTAL AUTORRETENCION POR UNIDADES ADICIONALES  DEL SECTOR FINANCIERO;NO;N;;;;;;;;;;;;;;;;;;;;;;
73148;1028;CARMEN DE APICALA;TOLIMA;AUTO RETENCION ICA;2;UVT;1;2023;28;2023;28;POR UNIDAD;8;0;10,00;1,00;ACTIVO;1;22;13;TOTAL AUTORRETENCION POR UNIDADES ADICIONALES  DEL SECTOR FINANCIERO;NO;N;;;;;;;;;;;;;;;;;;;;;;
73168;1034;CHAPARRAL;TOLIMA;AUTO RETENCION ICA;2;SMDLV;3;2023;30;2023;30;POR UNIDAD;8;0;8,00;6,00;ACTIVO;1;22;13;TOTAL AUTORRETENCION POR UNIDADES ADICIONALES  DEL SECTOR FINANCIERO;NO;N;;;;;;;;;;;;;;;;;;;;;;
73200;1045;COELLO;TOLIMA;AUTO RETENCION ICA;2;UVT;1;2023;28;2023;28;POR UNIDAD;8;0;10,00;1,00;ACTIVO;1;22;13;TOTAL AUTORRETENCION POR UNIDADES ADICIONALES  DEL SECTOR FINANCIERO;NO;N;;;;;;;;;;;;;;;;;;;;;;
73268;1046;ESPINAL;TOLIMA;AUTO RETENCION ICA;2;NAP;5;2023;31;2023;31;NO APLICA;6;0;0,00;0,00;ACTIVO;1;22;13;TOTAL AUTORRETENCION POR UNIDADES ADICIONALES  DEL SECTOR FINANCIERO;NO;N;;;;;;;;;;;;;;;;;;;;;;
73283;1024;FRESNO;TOLIMA;AUTO RETENCION ICA;2;NAP;5;2023;31;2023;31;NO APLICA;6;0;0,00;0,00;ACTIVO;1;22;13;TOTAL AUTORRETENCION POR UNIDADES ADICIONALES  DEL SECTOR FINANCIERO;NO;N;;;;;;;;;;;;;;;;;;;;;;
73411;1063;LIBANO;TOLIMA;AUTO RETENCION ICA;2;NAP;5;2023;31;2023;31;NO APLICA;6;0;0,00;0,00;ACTIVO;1;22;13;TOTAL AUTORRETENCION POR UNIDADES ADICIONALES  DEL SECTOR FINANCIERO;NO;N;;;;;;;;;;;;;;;;;;;;;;
73443;1026;SAN SEBASTIAN DE MARIQUITA;TOLIMA;AUTO RETENCION ICA;2;NAP;5;2023;31;2023;31;NO APLICA;6;0;0,00;0,00;ACTIVO;1;22;13;TOTAL AUTORRETENCION POR UNIDADES ADICIONALES  DEL SECTOR FINANCIERO;NO;N;;;;;;;;;;;;;;;;;;;;;;
73449;1031;MELGAR;TOLIMA;AUTO RETENCION ICA;2;UVT;1;2023;28;2023;28;POR UNIDAD;8;0;22,00;1,00;ACTIVO;1;22;13;TOTAL AUTORRETENCION POR UNIDADES ADICIONALES  DEL SECTOR FINANCIERO;NO;N;;;;;;;;;;;;;;;;;;;;;;
73504;1037;ORTEGA;TOLIMA;AUTO RETENCION ICA;2;NAP;5;2023;31;2023;31;NO APLICA;6;0;0,00;0,00;ACTIVO;1;22;13;TOTAL AUTORRETENCION POR UNIDADES ADICIONALES  DEL SECTOR FINANCIERO;NO;N;;;;;;;;;;;;;;;;;;;;;;
73671;1058;SALDANA;TOLIMA;AUTO RETENCION ICA;2;SMMLV;2;2023;29;2023;29;POR UNIDAD;8;0;0,50;1,00;ACTIVO;1;22;13;TOTAL AUTORRETENCION POR UNIDADES ADICIONALES  DEL SECTOR FINANCIERO;NO;N;;;;;;;;;;;;;;;;;;;;;;
76001;1100;CALI;VALLE DEL CAUCA;AUTO RETENCION ICA;2;UVT;1;2023;28;2023;28;POR UNIDAD;8;0;24,00;1,00;ACTIVO;1;22;13;TOTAL AUTORRETENCION POR UNIDADES ADICIONALES  DEL SECTOR FINANCIERO;NO;N;;;;;;;;;;;;;;;;;;;;;;
76054;1083;ARGELIA;VALLE DEL CAUCA;AUTO RETENCION ICA;2;NAP;5;2023;31;2023;31;NO APLICA;6;0;0,00;0,00;ACTIVO;1;22;13;TOTAL AUTORRETENCION POR UNIDADES ADICIONALES  DEL SECTOR FINANCIERO;NO;N;;;;;;;;;;;;;;;;;;;;;;
76109;1097;BUENAVENTURA;VALLE DEL CAUCA;AUTO RETENCION ICA;2;UVT;1;2023;28;2023;28;POR UNIDAD;8;0;24,00;1,00;ACTIVO;1;22;13;TOTAL AUTORRETENCION POR UNIDADES ADICIONALES  DEL SECTOR FINANCIERO;NO;N;;;;;;;;;;;;;;;;;;;;;;
76111;1069;GUADALAJARA DE BUGA;VALLE DEL CAUCA;AUTO RETENCION ICA;2;UVT;1;2023;28;2023;28;POR UNIDAD;8;0;20,00;1,00;ACTIVO;1;22;13;TOTAL AUTORRETENCION POR UNIDADES ADICIONALES  DEL SECTOR FINANCIERO;NO;N;;;;;;;;;;;;;;;;;;;;;;
76113;1070;BUGALAGRANDE;VALLE DEL CAUCA;AUTO RETENCION ICA;2;UVT;1;2023;28;2023;28;POR UNIDAD;8;0;50,00;1,00;ACTIVO;1;22;13;TOTAL AUTORRETENCION POR UNIDADES ADICIONALES  DEL SECTOR FINANCIERO;NO;N;;;;;;;;;;;;;;;;;;;;;;
76122;1098;CAICEDONIA;VALLE DEL CAUCA;AUTO RETENCION ICA;2;VABS;4;2023;33;2023;33;NO APLICA;6;350631;0,00;1,00;ACTIVO;1;22;13;TOTAL AUTORRETENCION POR UNIDADES ADICIONALES  DEL SECTOR FINANCIERO;NO;N;;;;;;;;;;;;;;;;;;;;;;
76147;1085;CARTAGO;VALLE DEL CAUCA;AUTO RETENCION ICA;2;UVT;1;2023;28;2023;28;POR UNIDAD;8;0;50,00;1,00;ACTIVO;1;22;13;TOTAL AUTORRETENCION POR UNIDADES ADICIONALES  DEL SECTOR FINANCIERO;NO;N;;;;;;;;;;;;;;;;;;;;;;
76246;1087;EL CAIRO;VALLE DEL CAUCA;AUTO RETENCION ICA;2;SMMLV;2;2023;29;2023;29;POR UNIDAD;8;0;1,00;1,00;ACTIVO;1;22;13;TOTAL AUTORRETENCION POR UNIDADES ADICIONALES  DEL SECTOR FINANCIERO;NO;N;;;;;;;;;;;;;;;;;;;;;;
76250;1088;EL DOVIO;VALLE DEL CAUCA;AUTO RETENCION ICA;2;NAP;5;2023;31;2023;31;NO APLICA;6;0;0,00;0,00;ACTIVO;1;22;13;TOTAL AUTORRETENCION POR UNIDADES ADICIONALES  DEL SECTOR FINANCIERO;NO;N;;;;;;;;;;;;;;;;;;;;;;
76364;1104;JAMUNDI;VALLE DEL CAUCA;AUTO RETENCION ICA;2;UVT;1;2023;28;2023;28;POR UNIDAD;8;0;20,00;1,00;ACTIVO;1;22;13;TOTAL AUTORRETENCION POR UNIDADES ADICIONALES  DEL SECTOR FINANCIERO;NO;N;;;;;;;;;;;;;;;;;;;;;;
76400;1089;LA UNION;VALLE DEL CAUCA;AUTO RETENCION ICA;2;SMMLV;2;2023;29;2023;29;POR UNIDAD;8;0;1,00;1,00;ACTIVO;1;22;13;TOTAL AUTORRETENCION POR UNIDADES ADICIONALES  DEL SECTOR FINANCIERO;NO;N;;;;;;;;;;;;;;;;;;;;;;
76497;1091;OBANDO;VALLE DEL CAUCA;AUTO RETENCION ICA;2;UVT;1;2023;28;2023;28;POR UNIDAD;8;0;25,00;1,00;ACTIVO;1;22;13;TOTAL AUTORRETENCION POR UNIDADES ADICIONALES  DEL SECTOR FINANCIERO;NO;N;;;;;;;;;;;;;;;;;;;;;;
76520;1106;PALMIRA;VALLE DEL CAUCA;AUTO RETENCION ICA;2;NAP;5;2023;31;2023;31;NO APLICA;6;0;0,00;0,00;ACTIVO;1;22;13;TOTAL AUTORRETENCION POR UNIDADES ADICIONALES  DEL SECTOR FINANCIERO;NO;N;;;;;;;;;;;;;;;;;;;;;;
76606;1075;RESTREPO;VALLE DEL CAUCA;AUTO RETENCION ICA;2;VABS;4;2023;33;2023;33;NO APLICA;6;10000;0,00;1,00;ACTIVO;1;22;13;TOTAL AUTORRETENCION POR UNIDADES ADICIONALES  DEL SECTOR FINANCIERO;NO;N;;;;;;;;;;;;;;;;;;;;;;
76622;1092;ROLDANILLO;VALLE DEL CAUCA;AUTO RETENCION ICA;2;UVT;1;2023;28;2023;28;POR UNIDAD;8;0;27,80;1,00;ACTIVO;1;22;13;TOTAL AUTORRETENCION POR UNIDADES ADICIONALES  DEL SECTOR FINANCIERO;NO;N;;;;;;;;;;;;;;;;;;;;;;
76736;1099;SEVILLA;VALLE DEL CAUCA;AUTO RETENCION ICA;2;UVT;1;2023;28;2023;28;POR UNIDAD;8;0;14,00;1,00;ACTIVO;1;22;13;TOTAL AUTORRETENCION POR UNIDADES ADICIONALES  DEL SECTOR FINANCIERO;NO;N;;;;;;;;;;;;;;;;;;;;;;
76834;1079;TULUA;VALLE DEL CAUCA;AUTO RETENCION ICA;2;UVT;1;2023;28;2023;28;POR UNIDAD;8;0;50,00;1,00;ACTIVO;1;22;13;TOTAL AUTORRETENCION POR UNIDADES ADICIONALES  DEL SECTOR FINANCIERO;NO;N;;;;;;;;;;;;;;;;;;;;;;
76863;1095;VERSALLES;VALLE DEL CAUCA;AUTO RETENCION ICA;2;NAP;5;2023;31;2023;31;NO APLICA;6;0;0,00;0,00;ACTIVO;1;22;13;TOTAL AUTORRETENCION POR UNIDADES ADICIONALES  DEL SECTOR FINANCIERO;NO;N;;;;;;;;;;;;;;;;;;;;;;
76890;1080;YOTOCO;VALLE DEL CAUCA;AUTO RETENCION ICA;2;SMMLV;2;2023;29;2023;29;POR UNIDAD;8;0;1,00;1,00;ACTIVO;1;22;13;TOTAL AUTORRETENCION POR UNIDADES ADICIONALES  DEL SECTOR FINANCIERO;NO;N;;;;;;;;;;;;;;;;;;;;;;
76895;1096;ZARZAL;VALLE DEL CAUCA;AUTO RETENCION ICA;2;NAP;5;2023;31;2023;31;NO APLICA;6;0;0,00;0,00;ACTIVO;1;22;13;TOTAL AUTORRETENCION POR UNIDADES ADICIONALES  DEL SECTOR FINANCIERO;NO;N;;;;;;;;;;;;;;;;;;;;;;
81001;137;ARAUCA;ARAUCA;AUTO RETENCION ICA;2;UVT;1;2023;28;2023;28;POR UNIDAD;8;0;20,00;1,00;ACTIVO;1;22;13;TOTAL AUTORRETENCION POR UNIDADES ADICIONALES  DEL SECTOR FINANCIERO;NO;N;;;;;;;;;;;;;;;;;;;;;;
81736;142;SARAVENA;ARAUCA;AUTO RETENCION ICA;2;SMMLV;2;2023;29;2023;29;POR UNIDAD;8;0;1,00;1,00;ACTIVO;1;22;13;TOTAL AUTORRETENCION POR UNIDADES ADICIONALES  DEL SECTOR FINANCIERO;NO;N;;;;;;;;;;;;;;;;;;;;;;
81794;143;TAME;ARAUCA;AUTO RETENCION ICA;2;UVT;1;2023;28;2023;28;POR UNIDAD;8;0;27,80;1,00;ACTIVO;1;22;13;TOTAL AUTORRETENCION POR UNIDADES ADICIONALES  DEL SECTOR FINANCIERO;NO;N;;;;;;;;;;;;;;;;;;;;;;
85001;399;YOPAL;CASANARE;AUTO RETENCION ICA;2;UVT;1;2023;28;2023;28;POR UNIDAD;8;0;0,26;1,00;ACTIVO;1;22;13;TOTAL AUTORRETENCION POR UNIDADES ADICIONALES  DEL SECTOR FINANCIERO;NO;N;;;;;;;;;;;;;;;;;;;;;;
85010;381;AGUAZUL;CASANARE;AUTO RETENCION ICA;2;UVT;1;2023;28;2023;28;POR UNIDAD;8;0;4,00;1,00;ACTIVO;1;22;13;TOTAL AUTORRETENCION POR UNIDADES ADICIONALES  DEL SECTOR FINANCIERO;NO;N;;;;;;;;;;;;;;;;;;;;;;
85139;385;MANI;CASANARE;AUTO RETENCION ICA;2;NAP;5;2023;31;2023;31;NO APLICA;6;0;0,00;0,00;ACTIVO;1;22;13;TOTAL AUTORRETENCION POR UNIDADES ADICIONALES  DEL SECTOR FINANCIERO;NO;N;;;;;;;;;;;;;;;;;;;;;;
85410;396;TAURAMENA;CASANARE;AUTO RETENCION ICA;2;NAP;5;2023;31;2023;31;NO APLICA;6;0;0,00;0,00;ACTIVO;1;22;13;TOTAL AUTORRETENCION POR UNIDADES ADICIONALES  DEL SECTOR FINANCIERO;NO;N;;;;;;;;;;;;;;;;;;;;;;
85440;398;VILLANUEVA;CASANARE;AUTO RETENCION ICA;2;UVT;1;2023;28;2023;28;POR UNIDAD;8;0;20,00;1,00;ACTIVO;1;22;13;TOTAL AUTORRETENCION POR UNIDADES ADICIONALES  DEL SECTOR FINANCIERO;NO;N;;;;;;;;;;;;;;;;;;;;;;
86573;875;PUERTO LEGUIZAMO;PUTUMAYO;AUTO RETENCION ICA;2;UVT;1;2023;28;2023;28;POR UNIDAD;8;0;27,80;1,00;ACTIVO;1;22;13;TOTAL AUTORRETENCION POR UNIDADES ADICIONALES  DEL SECTOR FINANCIERO;NO;N;;;;;;;;;;;;;;;;;;;;;;
88001;145;SAN ANDRES;ARCHIPIELAGO DE SAN ANDRES, PROVIDENCIA Y SANTA CATALINA;AUTO RETENCION ICA;2;NAP;5;2023;31;2023;31;NO APLICA;6;0;0,00;0,00;ACTIVO;1;22;13;TOTAL AUTORRETENCION POR UNIDADES ADICIONALES  DEL SECTOR FINANCIERO;NO;N;;;;;;;;;;;;;;;;;;;;;;
