Codigo DANE;Id Municipio;Municipio;Departamento;Formulario;Id Formulario;Ano Gravable;Periodicidad;Id Periodicidad;Fecha Limite;Porc. Descuento;Estado;Id Estado;Funcionario
5045;116;APARTADO;ANTIOQUIA;AUTO RETENCION ICA;2;2023;I BIMESTRE;13;09/03/2023;0,00;ACTIVO;1;Luz Angela
5045;116;APARTADO;ANTIOQUIA;AUTO RETENCION ICA;2;2023;II BIMESTRE;14;11-05-2023;0,00;ACTIVO;1;Luz Angela
5045;116;APARTADO;ANTIOQUIA;AUTO RETENCION ICA;2;2023;III BIMESTRE;15;11-07-2023;0,00;ACTIVO;1;Luz Angela
5045;116;APARTADO;ANTIOQUIA;AUTO RETENCION ICA;2;2023;IV BIMESTRE;16;11-09-2023;0,00;ACTIVO;1;Luz Angela
5045;116;APARTADO;ANTIOQUIA;AUTO RETENCION ICA;2;2023;V BIMESTRE;17;10-11-2023;0,00;ACTIVO;1;Luz Angela
5045;116;APARTADO;ANTIOQUIA;AUTO RETENCION ICA;2;2023;VI BIMESTRE;18;12-01-2024;0,00;ACTIVO;1;Luz Angela
5045;116;APARTADO;ANTIOQUIA;IMPUESTO DE ICA;1;2022;ANUAL;28;31-03-2023;0,00;ACTIVO;1;Luz Angela
5045;116;APARTADO;ANTIOQUIA;INFORMACION EXOGENA;6;2022;ANUAL;28;07-06-2023;0,00;ACTIVO;1;Luz Angela
5045;116;APARTADO;ANTIOQUIA;PREDIAL;7;2023;I TRIMESTRE;19;31-03-2023;0,00;ACTIVO;1;Luz Angela
5045;116;APARTADO;ANTIOQUIA;PREDIAL;7;2023;II TRIMESTRE;20;30-06-2023;0,00;ACTIVO;1;Luz Angela
5045;116;APARTADO;ANTIOQUIA;PREDIAL;7;2023;III TRIMESTRE;21;29-09-2023;0,00;ACTIVO;1;Luz Angela
5045;116;APARTADO;ANTIOQUIA;PREDIAL;7;2023;IV TRIMESTRE;22;29-12-2023;0,00;ACTIVO;1;Luz Angela
5045;116;APARTADO;ANTIOQUIA;RETE ICA;3;2023;I BIMESTRE;13;09/03/2023;0,00;ACTIVO;1;Luz Angela
5045;116;APARTADO;ANTIOQUIA;RETE ICA;3;2023;II BIMESTRE;14;11-05-2023;0,00;ACTIVO;1;Luz Angela
5045;116;APARTADO;ANTIOQUIA;RETE ICA;3;2023;III BIMESTRE;15;11-07-2023;0,00;ACTIVO;1;Luz Angela
5045;116;APARTADO;ANTIOQUIA;RETE ICA;3;2023;IV BIMESTRE;16;11-09-2023;0,00;ACTIVO;1;Luz Angela
5045;116;APARTADO;ANTIOQUIA;RETE ICA;3;2023;V BIMESTRE;17;10-11-2023;0,00;ACTIVO;1;Luz Angela
5045;116;APARTADO;ANTIOQUIA;RETE ICA;3;2023;VI BIMESTRE;18;12-01-2024;0,00;ACTIVO;1;Luz Angela
81001;137;ARAUCA;ARAUCA;AUTO RETENCION ICA;2;2023;ABRIL;4;11-05-2023;0,00;ACTIVO;1;Luz Angela
81001;137;ARAUCA;ARAUCA;AUTO RETENCION ICA;2;2023;AGOSTO;8;11-09-2023;0,00;ACTIVO;1;Luz Angela
81001;137;ARAUCA;ARAUCA;AUTO RETENCION ICA;2;2023;DICIEMBRE;12;12-01-2024;0,00;ACTIVO;1;Luz Angela
81001;137;ARAUCA;ARAUCA;AUTO RETENCION ICA;2;2023;ENERO;1;09-02-2023;0,00;ACTIVO;1;Luz Angela
81001;137;ARAUCA;ARAUCA;AUTO RETENCION ICA;2;2023;FEBRERO;2;09/03/2023;0,00;ACTIVO;1;Luz Angela
81001;137;ARAUCA;ARAUCA;AUTO RETENCION ICA;2;2023;JULIO;7;11-08-2023;0,00;ACTIVO;1;Luz Angela
81001;137;ARAUCA;ARAUCA;AUTO RETENCION ICA;2;2023;JUNIO;6;11-07-2023;0,00;ACTIVO;1;Luz Angela
81001;137;ARAUCA;ARAUCA;AUTO RETENCION ICA;2;2023;MARZO;3;12-04-2023;0,00;ACTIVO;1;Luz Angela
81001;137;ARAUCA;ARAUCA;AUTO RETENCION ICA;2;2023;MAYO;5;09-06-2023;0,00;ACTIVO;1;Luz Angela
81001;137;ARAUCA;ARAUCA;AUTO RETENCION ICA;2;2023;NOVIEMBRE;11;13-12-2023;0,00;ACTIVO;1;Luz Angela
81001;137;ARAUCA;ARAUCA;AUTO RETENCION ICA;2;2023;OCTUBRE;10;10-11-2023;0,00;ACTIVO;1;Luz Angela
81001;137;ARAUCA;ARAUCA;AUTO RETENCION ICA;2;2023;SEPTIEMBRE;9;12-10-2023;0,00;ACTIVO;1;Luz Angela
81001;137;ARAUCA;ARAUCA;IMPUESTO DE ICA;1;2022;ANUAL;28;19-04-2023;0,00;ACTIVO;1;Luz Angela
81001;137;ARAUCA;ARAUCA;IMPUESTO DE ICA;1;2022;ANUAL;28;31-03-2023;10,00;ACTIVO;1;Luz Angela
81001;137;ARAUCA;ARAUCA;PREDIAL;7;2023;ANUAL;28;31-01-2023;15,00;ACTIVO;1;Luz Angela
81001;137;ARAUCA;ARAUCA;PREDIAL;7;2023;ANUAL;28;28-02-2023;12,00;ACTIVO;1;Luz Angela
81001;137;ARAUCA;ARAUCA;PREDIAL;7;2023;ANUAL;28;31-03-2023;7,00;ACTIVO;1;Luz Angela
81001;137;ARAUCA;ARAUCA;PREDIAL;7;2023;ANUAL;28;28-04-2023;5,00;ACTIVO;1;Luz Angela
81001;137;ARAUCA;ARAUCA;PREDIAL;7;2023;ANUAL;28;31-05-2023;5,00;ACTIVO;1;Luz Angela
81001;137;ARAUCA;ARAUCA;PREDIAL;7;2023;ANUAL;28;30-06-2023;0,00;ACTIVO;1;Luz Angela
81001;137;ARAUCA;ARAUCA;RETE ICA;3;2023;ABRIL;4;11-05-2023;0,00;ACTIVO;1;Luz Angela
81001;137;ARAUCA;ARAUCA;RETE ICA;3;2023;AGOSTO;8;11-09-2023;0,00;ACTIVO;1;Luz Angela
81001;137;ARAUCA;ARAUCA;RETE ICA;3;2023;DICIEMBRE;12;12-01-2024;0,00;ACTIVO;1;Luz Angela
81001;137;ARAUCA;ARAUCA;RETE ICA;3;2023;ENERO;1;09-02-2023;0,00;ACTIVO;1;Luz Angela
81001;137;ARAUCA;ARAUCA;RETE ICA;3;2023;FEBRERO;2;09/03/2023;0,00;ACTIVO;1;Luz Angela
81001;137;ARAUCA;ARAUCA;RETE ICA;3;2023;JULIO;7;11-08-2023;0,00;ACTIVO;1;Luz Angela
81001;137;ARAUCA;ARAUCA;RETE ICA;3;2023;JUNIO;6;11-07-2023;0,00;ACTIVO;1;Luz Angela
81001;137;ARAUCA;ARAUCA;RETE ICA;3;2023;MARZO;3;12-04-2023;0,00;ACTIVO;1;Luz Angela
81001;137;ARAUCA;ARAUCA;RETE ICA;3;2023;MAYO;5;09-06-2023;0,00;ACTIVO;1;Luz Angela
81001;137;ARAUCA;ARAUCA;RETE ICA;3;2023;NOVIEMBRE;11;13-12-2023;0,00;ACTIVO;1;Luz Angela
81001;137;ARAUCA;ARAUCA;RETE ICA;3;2023;OCTUBRE;10;10-11-2023;0,00;ACTIVO;1;Luz Angela
81001;137;ARAUCA;ARAUCA;RETE ICA;3;2023;SEPTIEMBRE;9;12-10-2023;0,00;ACTIVO;1;Luz Angela
5059;53;ARMENIA;ANTIOQUIA;IMPUESTO DE ICA;1;2022;ANUAL;28;31-03-2023;0,00;ACTIVO;1;Luz Angela
5059;53;ARMENIA;ANTIOQUIA;PREDIAL;7;2023;ANUAL;28;31-03-2023;5,00;ACTIVO;1;Luz Angela
5059;53;ARMENIA;ANTIOQUIA;PREDIAL;7;2023;ANUAL;28;28-02-2023;15,00;ACTIVO;1;Luz Angela
5059;53;ARMENIA;ANTIOQUIA;RETE ICA;3;2023;ABRIL;4;19-05-2023;0,00;ACTIVO;1;Luz Angela
5059;53;ARMENIA;ANTIOQUIA;RETE ICA;3;2023;AGOSTO;8;18-09-2023;0,00;ACTIVO;1;Luz Angela
5059;53;ARMENIA;ANTIOQUIA;RETE ICA;3;2023;DICIEMBRE;12;15-01-2024;0,00;ACTIVO;1;Luz Angela
5059;53;ARMENIA;ANTIOQUIA;RETE ICA;3;2023;ENERO;1;20-02-2023;0,00;ACTIVO;1;Luz Angela
5059;53;ARMENIA;ANTIOQUIA;RETE ICA;3;2023;FEBRERO;2;17-03-2023;0,00;ACTIVO;1;Luz Angela
5059;53;ARMENIA;ANTIOQUIA;RETE ICA;3;2023;JULIO;7;18-08-2023;0,00;ACTIVO;1;Luz Angela
5059;53;ARMENIA;ANTIOQUIA;RETE ICA;3;2023;JUNIO;6;17-07-2023;0,00;ACTIVO;1;Luz Angela
5059;53;ARMENIA;ANTIOQUIA;RETE ICA;3;2023;MARZO;3;17-04-2023;0,00;ACTIVO;1;Luz Angela
5059;53;ARMENIA;ANTIOQUIA;RETE ICA;3;2023;MAYO;5;16-06-2023;0,00;ACTIVO;1;Luz Angela
5059;53;ARMENIA;ANTIOQUIA;RETE ICA;3;2023;NOVIEMBRE;11;18-12-2023;0,00;ACTIVO;1;Luz Angela
5059;53;ARMENIA;ANTIOQUIA;RETE ICA;3;2023;OCTUBRE;10;20-11-2023;0,00;ACTIVO;1;Luz Angela
5059;53;ARMENIA;ANTIOQUIA;RETE ICA;3;2023;SEPTIEMBRE;9;20-10-2023;0,00;ACTIVO;1;Luz Angela
8001;146;BARRANQUILLA;ATLANTICO;AUTO RETENCION ICA;2;2023;ABRIL;4;29-05-2023;0,00;ACTIVO;1;Luz Angela
8001;146;BARRANQUILLA;ATLANTICO;AUTO RETENCION ICA;2;2023;AGOSTO;8;27-09-2023;0,00;ACTIVO;1;Luz Angela
8001;146;BARRANQUILLA;ATLANTICO;AUTO RETENCION ICA;2;2023;DICIEMBRE;12;29-01-2024;0,00;ACTIVO;1;Luz Angela
8001;146;BARRANQUILLA;ATLANTICO;AUTO RETENCION ICA;2;2023;ENERO;1;24-02-2023;0,00;ACTIVO;1;Luz Angela
8001;146;BARRANQUILLA;ATLANTICO;AUTO RETENCION ICA;2;2023;FEBRERO;2;29-03-2023;0,00;ACTIVO;1;Luz Angela
8001;146;BARRANQUILLA;ATLANTICO;AUTO RETENCION ICA;2;2023;JULIO;7;29-08-2023;0,00;ACTIVO;1;Luz Angela
8001;146;BARRANQUILLA;ATLANTICO;AUTO RETENCION ICA;2;2023;JUNIO;6;27-07-2023;0,00;ACTIVO;1;Luz Angela
8001;146;BARRANQUILLA;ATLANTICO;AUTO RETENCION ICA;2;2023;MARZO;3;26-04-2023;0,00;ACTIVO;1;Luz Angela
8001;146;BARRANQUILLA;ATLANTICO;AUTO RETENCION ICA;2;2023;MAYO;5;28-06-2023;0,00;ACTIVO;1;Luz Angela
8001;146;BARRANQUILLA;ATLANTICO;AUTO RETENCION ICA;2;2023;NOVIEMBRE;11;26-12-2023;0,00;ACTIVO;1;Luz Angela
8001;146;BARRANQUILLA;ATLANTICO;AUTO RETENCION ICA;2;2023;OCTUBRE;10;28-11-2023;0,00;ACTIVO;1;Luz Angela
8001;146;BARRANQUILLA;ATLANTICO;AUTO RETENCION ICA;2;2023;SEPTIEMBRE;9;25-10-2023;0,00;ACTIVO;1;Luz Angela
8001;146;BARRANQUILLA;ATLANTICO;IMPUESTO DE ICA;1;2022;ANUAL;28;27-02-2024;0,00;ACTIVO;1;Luz Angela
8001;146;BARRANQUILLA;ATLANTICO;PREDIAL;7;2023;ANUAL;28;30-06-2023;0,00;ACTIVO;1;Luz Angela
8001;146;BARRANQUILLA;ATLANTICO;PREDIAL;7;2023;ANUAL;28;31-03-2023;10,00;ACTIVO;1;Luz Angela
8001;146;BARRANQUILLA;ATLANTICO;PREDIAL;7;2023;ANUAL;28;31-05-2023;5,00;ACTIVO;1;Luz Angela
8001;146;BARRANQUILLA;ATLANTICO;RETE ICA;3;2023;ABRIL;4;29-05-2023;0,00;ACTIVO;1;Luz Angela
8001;146;BARRANQUILLA;ATLANTICO;RETE ICA;3;2023;AGOSTO;8;27-09-2023;0,00;ACTIVO;1;Luz Angela
8001;146;BARRANQUILLA;ATLANTICO;RETE ICA;3;2023;DICIEMBRE;12;29-01-2024;0,00;ACTIVO;1;Luz Angela
8001;146;BARRANQUILLA;ATLANTICO;RETE ICA;3;2023;ENERO;1;24-02-2023;0,00;ACTIVO;1;Luz Angela
8001;146;BARRANQUILLA;ATLANTICO;RETE ICA;3;2023;FEBRERO;2;29-03-2023;0,00;ACTIVO;1;Luz Angela
8001;146;BARRANQUILLA;ATLANTICO;RETE ICA;3;2023;JULIO;7;29-08-2023;0,00;ACTIVO;1;Luz Angela
8001;146;BARRANQUILLA;ATLANTICO;RETE ICA;3;2023;JUNIO;6;27-07-2023;0,00;ACTIVO;1;Luz Angela
8001;146;BARRANQUILLA;ATLANTICO;RETE ICA;3;2023;MARZO;3;26-04-2023;0,00;ACTIVO;1;Luz Angela
8001;146;BARRANQUILLA;ATLANTICO;RETE ICA;3;2023;MAYO;5;28-06-2023;0,00;ACTIVO;1;Luz Angela
8001;146;BARRANQUILLA;ATLANTICO;RETE ICA;3;2023;NOVIEMBRE;11;26-12-2023;0,00;ACTIVO;1;Luz Angela
8001;146;BARRANQUILLA;ATLANTICO;RETE ICA;3;2023;OCTUBRE;10;28-11-2023;0,00;ACTIVO;1;Luz Angela
8001;146;BARRANQUILLA;ATLANTICO;RETE ICA;3;2023;SEPTIEMBRE;9;25-10-2023;0,00;ACTIVO;1;Luz Angela
5088;128;BELLO;ANTIOQUIA;AUTO RETENCION ICA;2;2023;I BIMESTRE;13;30-03-2023;0,00;ACTIVO;1;Luz Angela
5088;128;BELLO;ANTIOQUIA;AUTO RETENCION ICA;2;2023;II BIMESTRE;14;30-05-2023;0,00;ACTIVO;1;Luz Angela
5088;128;BELLO;ANTIOQUIA;AUTO RETENCION ICA;2;2023;III BIMESTRE;15;28-07-2023;0,00;ACTIVO;1;Luz Angela
5088;128;BELLO;ANTIOQUIA;AUTO RETENCION ICA;2;2023;IV BIMESTRE;16;28-09-2023;0,00;ACTIVO;1;Luz Angela
5088;128;BELLO;ANTIOQUIA;AUTO RETENCION ICA;2;2023;V BIMESTRE;17;29-11-2023;0,00;ACTIVO;1;Luz Angela
5088;128;BELLO;ANTIOQUIA;AUTO RETENCION ICA;2;2023;VI BIMESTRE;18;30-01-2024;0,00;ACTIVO;1;Luz Angela
5088;128;BELLO;ANTIOQUIA;IMPUESTO DE ICA;1;2022;ANUAL;28;19-04-2023;0,00;ACTIVO;1;Luz Angela
5088;128;BELLO;ANTIOQUIA;INFORMACION EXOGENA;6;2022;ANUAL;28;06-06-2023;0,00;ACTIVO;1;Luz Angela
5088;128;BELLO;ANTIOQUIA;PREDIAL;7;2023;I TRIMESTRE;19;31-03-2023;0,00;ACTIVO;1;Luz Angela
5088;128;BELLO;ANTIOQUIA;PREDIAL;7;2023;II TRIMESTRE;20;30-06-2023;0,00;ACTIVO;1;Luz Angela
5088;128;BELLO;ANTIOQUIA;PREDIAL;7;2023;III TRIMESTRE;21;29-09-2023;0,00;ACTIVO;1;Luz Angela
5088;128;BELLO;ANTIOQUIA;PREDIAL;7;2023;IV TRIMESTRE;22;22-12-2023;0,00;ACTIVO;1;Luz Angela
5088;128;BELLO;ANTIOQUIA;RETE ICA;3;2023;I BIMESTRE;13;30-03-2023;0,00;ACTIVO;1;Luz Angela
5088;128;BELLO;ANTIOQUIA;RETE ICA;3;2023;II BIMESTRE;14;30-05-2023;0,00;ACTIVO;1;Luz Angela
5088;128;BELLO;ANTIOQUIA;RETE ICA;3;2023;III BIMESTRE;15;28-07-2023;0,00;ACTIVO;1;Luz Angela
5088;128;BELLO;ANTIOQUIA;RETE ICA;3;2023;IV BIMESTRE;16;28-09-2023;0,00;ACTIVO;1;Luz Angela
5088;128;BELLO;ANTIOQUIA;RETE ICA;3;2023;V BIMESTRE;17;29-11-2023;0,00;ACTIVO;1;Luz Angela
5088;128;BELLO;ANTIOQUIA;RETE ICA;3;2023;VI BIMESTRE;18;30-01-2024;0,00;ACTIVO;1;Luz Angela
68001;961;BUCARAMANGA;SANTANDER;AUTO RETENCION ICA;2;2023;ABRIL;4;15-05-2023;0,00;ACTIVO;1;Luz Angela
68001;961;BUCARAMANGA;SANTANDER;AUTO RETENCION ICA;2;2023;AGOSTO;8;15-09-2023;0,00;ACTIVO;1;Luz Angela
68001;961;BUCARAMANGA;SANTANDER;AUTO RETENCION ICA;2;2023;DICIEMBRE;12;15-01-2024;0,00;ACTIVO;1;Luz Angela
68001;961;BUCARAMANGA;SANTANDER;AUTO RETENCION ICA;2;2023;ENERO;1;15-02-2023;0,00;ACTIVO;1;Luz Angela
68001;961;BUCARAMANGA;SANTANDER;AUTO RETENCION ICA;2;2023;FEBRERO;2;15-03-2023;0,00;ACTIVO;1;Luz Angela
68001;961;BUCARAMANGA;SANTANDER;AUTO RETENCION ICA;2;2023;JULIO;7;16-08-2023;0,00;ACTIVO;1;Luz Angela
68001;961;BUCARAMANGA;SANTANDER;AUTO RETENCION ICA;2;2023;JUNIO;6;17-07-2023;0,00;ACTIVO;1;Luz Angela
68001;961;BUCARAMANGA;SANTANDER;AUTO RETENCION ICA;2;2023;MARZO;3;17-04-2023;0,00;ACTIVO;1;Luz Angela
68001;961;BUCARAMANGA;SANTANDER;AUTO RETENCION ICA;2;2023;MAYO;5;14-06-2023;0,00;ACTIVO;1;Luz Angela
68001;961;BUCARAMANGA;SANTANDER;AUTO RETENCION ICA;2;2023;NOVIEMBRE;11;15-12-2023;0,00;ACTIVO;1;Luz Angela
68001;961;BUCARAMANGA;SANTANDER;AUTO RETENCION ICA;2;2023;OCTUBRE;10;15-11-2023;0,00;ACTIVO;1;Luz Angela
68001;961;BUCARAMANGA;SANTANDER;AUTO RETENCION ICA;2;2023;SEPTIEMBRE;9;17-10-2023;0,00;ACTIVO;1;Luz Angela
68001;961;BUCARAMANGA;SANTANDER;IMPUESTO DE ICA;1;2022;ANUAL;28;08-03-2023;0,00;ACTIVO;1;Luz Angela
68001;961;BUCARAMANGA;SANTANDER;PREDIAL;7;2023;I SEMESTRE;26;31-03-2023;0,00;ACTIVO;1;Luz Angela
68001;961;BUCARAMANGA;SANTANDER;PREDIAL;7;2023;II SEMESTRE;27;31-08-2023;0,00;ACTIVO;1;Luz Angela
68001;961;BUCARAMANGA;SANTANDER;RETE ICA;3;2023;ABRIL;4;15-05-2023;0,00;ACTIVO;1;Luz Angela
68001;961;BUCARAMANGA;SANTANDER;RETE ICA;3;2023;AGOSTO;8;15-09-2023;0,00;ACTIVO;1;Luz Angela
68001;961;BUCARAMANGA;SANTANDER;RETE ICA;3;2023;DICIEMBRE;12;15-01-2024;0,00;ACTIVO;1;Luz Angela
68001;961;BUCARAMANGA;SANTANDER;RETE ICA;3;2023;ENERO;1;15-02-2023;0,00;ACTIVO;1;Luz Angela
68001;961;BUCARAMANGA;SANTANDER;RETE ICA;3;2023;FEBRERO;2;15-03-2023;0,00;ACTIVO;1;Luz Angela
68001;961;BUCARAMANGA;SANTANDER;RETE ICA;3;2023;JULIO;7;16-08-2023;0,00;ACTIVO;1;Luz Angela
68001;961;BUCARAMANGA;SANTANDER;RETE ICA;3;2023;JUNIO;6;17-07-2023;0,00;ACTIVO;1;Luz Angela
68001;961;BUCARAMANGA;SANTANDER;RETE ICA;3;2023;MARZO;3;17-04-2023;0,00;ACTIVO;1;Luz Angela
68001;961;BUCARAMANGA;SANTANDER;RETE ICA;3;2023;MAYO;5;14-06-2023;0,00;ACTIVO;1;Luz Angela
68001;961;BUCARAMANGA;SANTANDER;RETE ICA;3;2023;NOVIEMBRE;11;15-12-2023;0,00;ACTIVO;1;Luz Angela
68001;961;BUCARAMANGA;SANTANDER;RETE ICA;3;2023;OCTUBRE;10;15-11-2023;0,00;ACTIVO;1;Luz Angela
68001;961;BUCARAMANGA;SANTANDER;RETE ICA;3;2023;SEPTIEMBRE;9;17-10-2023;0,00;ACTIVO;1;Luz Angela
76001;1100;CALI;VALLE DEL CAUCA;AUTO RETENCION ICA;2;2023;I BIMESTRE;13;28-03-2023;0,00;ACTIVO;1;Luz Angela
76001;1100;CALI;VALLE DEL CAUCA;AUTO RETENCION ICA;2;2023;II BIMESTRE;14;24-05-2023;0,00;ACTIVO;1;Luz Angela
76001;1100;CALI;VALLE DEL CAUCA;AUTO RETENCION ICA;2;2023;III BIMESTRE;15;25-07-2023;0,00;ACTIVO;1;Luz Angela
76001;1100;CALI;VALLE DEL CAUCA;AUTO RETENCION ICA;2;2023;IV BIMESTRE;16;26-09-2023;0,00;ACTIVO;1;Luz Angela
76001;1100;CALI;VALLE DEL CAUCA;AUTO RETENCION ICA;2;2023;V BIMESTRE;17;27-11-2023;0,00;ACTIVO;1;Luz Angela
76001;1100;CALI;VALLE DEL CAUCA;AUTO RETENCION ICA;2;2023;VI BIMESTRE;18;23-01-2024;0,00;ACTIVO;1;Luz Angela
76001;1100;CALI;VALLE DEL CAUCA;IMPUESTO DE ICA;1;2022;ANUAL;28;14-03-2023;0,00;ACTIVO;1;Luz Angela
76001;1100;CALI;VALLE DEL CAUCA;PREDIAL;7;2023;ANUAL;28;28-04-2023;15,00;ACTIVO;1;Luz Angela
76001;1100;CALI;VALLE DEL CAUCA;PREDIAL;7;2023;ANUAL;28;29-09-2023;0,00;ACTIVO;1;Luz Angela
76001;1100;CALI;VALLE DEL CAUCA;RETE ICA;3;2023;I BIMESTRE;13;28-03-2023;0,00;ACTIVO;1;Luz Angela
76001;1100;CALI;VALLE DEL CAUCA;RETE ICA;3;2023;II BIMESTRE;14;24-05-2023;0,00;ACTIVO;1;Luz Angela
76001;1100;CALI;VALLE DEL CAUCA;RETE ICA;3;2023;III BIMESTRE;15;25-07-2023;0,00;ACTIVO;1;Luz Angela
76001;1100;CALI;VALLE DEL CAUCA;RETE ICA;3;2023;IV BIMESTRE;16;26-09-2023;0,00;ACTIVO;1;Luz Angela
76001;1100;CALI;VALLE DEL CAUCA;RETE ICA;3;2023;V BIMESTRE;17;27-11-2023;0,00;ACTIVO;1;Luz Angela
76001;1100;CALI;VALLE DEL CAUCA;RETE ICA;3;2023;VI BIMESTRE;18;23-01-2024;0,00;ACTIVO;1;Luz Angela
5212;130;COPACABANA;ANTIOQUIA;IMPUESTO DE ICA;1;2022;ANUAL;28;28-04-2023;0,00;ACTIVO;1;Luz Angela
5212;130;COPACABANA;ANTIOQUIA;INFORMACION EXOGENA;6;2022;ANUAL;28;28-04-2023;0,00;ACTIVO;1;Luz Angela
5212;130;COPACABANA;ANTIOQUIA;PREDIAL;7;2023;ANUAL;28;31-03-2023;10,00;ACTIVO;1;Luz Angela
5212;130;COPACABANA;ANTIOQUIA;PREDIAL;7;2023;ANUAL;28;30-06-2023;5,00;ACTIVO;1;Luz Angela
5212;130;COPACABANA;ANTIOQUIA;RETE ICA;3;2023;ABRIL;4;15-05-2023;0,00;ACTIVO;1;Luz Angela
5212;130;COPACABANA;ANTIOQUIA;RETE ICA;3;2023;AGOSTO;8;15-09-2023;0,00;ACTIVO;1;Luz Angela
5212;130;COPACABANA;ANTIOQUIA;RETE ICA;3;2023;DICIEMBRE;12;12-01-2024;0,00;ACTIVO;1;Luz Angela
5212;130;COPACABANA;ANTIOQUIA;RETE ICA;3;2023;ENERO;1;15-02-2023;0,00;ACTIVO;1;Luz Angela
5212;130;COPACABANA;ANTIOQUIA;RETE ICA;3;2023;FEBRERO;2;15-03-2023;0,00;ACTIVO;1;Luz Angela
5212;130;COPACABANA;ANTIOQUIA;RETE ICA;3;2023;JULIO;7;15-08-2023;0,00;ACTIVO;1;Luz Angela
5212;130;COPACABANA;ANTIOQUIA;RETE ICA;3;2023;JUNIO;6;14-07-2023;0,00;ACTIVO;1;Luz Angela
5212;130;COPACABANA;ANTIOQUIA;RETE ICA;3;2023;MARZO;3;14-04-2023;0,00;ACTIVO;1;Luz Angela
5212;130;COPACABANA;ANTIOQUIA;RETE ICA;3;2023;MAYO;5;15-06-2023;0,00;ACTIVO;1;Luz Angela
5212;130;COPACABANA;ANTIOQUIA;RETE ICA;3;2023;NOVIEMBRE;11;15-12-2023;0,00;ACTIVO;1;Luz Angela
5212;130;COPACABANA;ANTIOQUIA;RETE ICA;3;2023;OCTUBRE;10;15-11-2023;0,00;ACTIVO;1;Luz Angela
5212;130;COPACABANA;ANTIOQUIA;RETE ICA;3;2023;SEPTIEMBRE;9;13-10-2023;0,00;ACTIVO;1;Luz Angela
18001;371;FLORENCIA;CAQUETA;AUTO RETENCION ICA;2;2023;ABRIL;4;11-05-2023;0,00;ACTIVO;1;Luz Angela
18001;371;FLORENCIA;CAQUETA;AUTO RETENCION ICA;2;2023;AGOSTO;8;11-09-2023;0,00;ACTIVO;1;Luz Angela
18001;371;FLORENCIA;CAQUETA;AUTO RETENCION ICA;2;2023;DICIEMBRE;12;12-01-2024;0,00;ACTIVO;1;Luz Angela
18001;371;FLORENCIA;CAQUETA;AUTO RETENCION ICA;2;2023;ENERO;1;09-02-2023;0,00;ACTIVO;1;Luz Angela
18001;371;FLORENCIA;CAQUETA;AUTO RETENCION ICA;2;2023;FEBRERO;2;09/03/2023;0,00;ACTIVO;1;Luz Angela
18001;371;FLORENCIA;CAQUETA;AUTO RETENCION ICA;2;2023;JULIO;7;11-08-2023;0,00;ACTIVO;1;Luz Angela
18001;371;FLORENCIA;CAQUETA;AUTO RETENCION ICA;2;2023;JUNIO;6;11-07-2023;0,00;ACTIVO;1;Luz Angela
18001;371;FLORENCIA;CAQUETA;AUTO RETENCION ICA;2;2023;MARZO;3;12-04-2023;0,00;ACTIVO;1;Luz Angela
18001;371;FLORENCIA;CAQUETA;AUTO RETENCION ICA;2;2023;MAYO;5;09-06-2023;0,00;ACTIVO;1;Luz Angela
18001;371;FLORENCIA;CAQUETA;AUTO RETENCION ICA;2;2023;NOVIEMBRE;11;13-12-2023;0,00;ACTIVO;1;Luz Angela
18001;371;FLORENCIA;CAQUETA;AUTO RETENCION ICA;2;2023;OCTUBRE;10;10-11-2023;0,00;ACTIVO;1;Luz Angela
18001;371;FLORENCIA;CAQUETA;AUTO RETENCION ICA;2;2023;SEPTIEMBRE;9;12-10-2023;0,00;ACTIVO;1;Luz Angela
18001;371;FLORENCIA;CAQUETA;IMPUESTO DE ICA;1;2022;ANUAL;28;12-04-2023;15,00;ACTIVO;1;Luz Angela
18001;371;FLORENCIA;CAQUETA;PREDIAL;7;2023;ANUAL;28;31-03-2023;20,00;ACTIVO;1;Luz Angela
18001;371;FLORENCIA;CAQUETA;PREDIAL;7;2023;ANUAL;28;31-05-2023;10,00;ACTIVO;1;Luz Angela
18001;371;FLORENCIA;CAQUETA;PREDIAL;7;2023;ANUAL;28;30-06-2023;5,00;ACTIVO;1;Luz Angela
18001;371;FLORENCIA;CAQUETA;RETE ICA;3;2023;ABRIL;4;11-05-2023;0,00;ACTIVO;1;Luz Angela
18001;371;FLORENCIA;CAQUETA;RETE ICA;3;2023;AGOSTO;8;11-09-2023;0,00;ACTIVO;1;Luz Angela
18001;371;FLORENCIA;CAQUETA;RETE ICA;3;2023;DICIEMBRE;12;12-01-2024;0,00;ACTIVO;1;Luz Angela
18001;371;FLORENCIA;CAQUETA;RETE ICA;3;2023;ENERO;1;09-02-2023;0,00;ACTIVO;1;Luz Angela
18001;371;FLORENCIA;CAQUETA;RETE ICA;3;2023;FEBRERO;2;09/03/2023;0,00;ACTIVO;1;Luz Angela
18001;371;FLORENCIA;CAQUETA;RETE ICA;3;2023;JULIO;7;11-08-2023;0,00;ACTIVO;1;Luz Angela
18001;371;FLORENCIA;CAQUETA;RETE ICA;3;2023;JUNIO;6;11-07-2023;0,00;ACTIVO;1;Luz Angela
18001;371;FLORENCIA;CAQUETA;RETE ICA;3;2023;MARZO;3;12-04-2023;0,00;ACTIVO;1;Luz Angela
18001;371;FLORENCIA;CAQUETA;RETE ICA;3;2023;MAYO;5;09-06-2023;0,00;ACTIVO;1;Luz Angela
18001;371;FLORENCIA;CAQUETA;RETE ICA;3;2023;NOVIEMBRE;11;13-12-2023;0,00;ACTIVO;1;Luz Angela
18001;371;FLORENCIA;CAQUETA;RETE ICA;3;2023;OCTUBRE;10;10-11-2023;0,00;ACTIVO;1;Luz Angela
18001;371;FLORENCIA;CAQUETA;RETE ICA;3;2023;SEPTIEMBRE;9;12-10-2023;0,00;ACTIVO;1;Luz Angela
73001;1048;IBAGUE;TOLIMA;IMPUESTO DE ICA;1;2022;ANUAL;28;31-03-2023;0,00;ACTIVO;1;Luz Angela
73001;1048;IBAGUE;TOLIMA;INFORMACION EXOGENA;6;2022;ANUAL;28;16-01-2023;0,00;ACTIVO;1;Luz Angela
73001;1048;IBAGUE;TOLIMA;INFORMACION EXOGENA;6;2022;ANUAL;28;15-01-2024;0,00;ACTIVO;1;Luz Angela
73001;1048;IBAGUE;TOLIMA;PREDIAL;7;2023;ANUAL;28;31-03-2023;15,00;ACTIVO;1;Luz Angela
73001;1048;IBAGUE;TOLIMA;PREDIAL;7;2023;ANUAL;28;28-04-2023;10,00;ACTIVO;1;Luz Angela
73001;1048;IBAGUE;TOLIMA;PREDIAL;7;2023;ANUAL;28;30-06-2023;5,00;ACTIVO;1;Luz Angela
73001;1048;IBAGUE;TOLIMA;RETE ICA;3;2023;I BIMESTRE;13;15-03-2023;0,00;ACTIVO;1;Luz Angela
73001;1048;IBAGUE;TOLIMA;RETE ICA;3;2023;II BIMESTRE;14;15-05-2023;0,00;ACTIVO;1;Luz Angela
73001;1048;IBAGUE;TOLIMA;RETE ICA;3;2023;III BIMESTRE;15;17-07-2023;0,00;ACTIVO;1;Luz Angela
73001;1048;IBAGUE;TOLIMA;RETE ICA;3;2023;IV BIMESTRE;16;15-09-2023;0,00;ACTIVO;1;Luz Angela
73001;1048;IBAGUE;TOLIMA;RETE ICA;3;2023;V BIMESTRE;17;15-11-2023;0,00;ACTIVO;1;Luz Angela
73001;1048;IBAGUE;TOLIMA;RETE ICA;3;2023;VI BIMESTRE;18;15-01-2024;0,00;ACTIVO;1;Luz Angela
5360;133;ITAGUI;ANTIOQUIA;AUTO RETENCION ICA;2;2023;I BIMESTRE;13;08-03-2023;0,00;ACTIVO;1;Luz Angela
5360;133;ITAGUI;ANTIOQUIA;AUTO RETENCION ICA;2;2023;II BIMESTRE;14;09-05-2023;0,00;ACTIVO;1;Luz Angela
5360;133;ITAGUI;ANTIOQUIA;AUTO RETENCION ICA;2;2023;III BIMESTRE;15;11-07-2023;0,00;ACTIVO;1;Luz Angela
5360;133;ITAGUI;ANTIOQUIA;AUTO RETENCION ICA;2;2023;IV BIMESTRE;16;11-09-2023;0,00;ACTIVO;1;Luz Angela
5360;133;ITAGUI;ANTIOQUIA;AUTO RETENCION ICA;2;2023;V BIMESTRE;17;09-11-2023;0,00;ACTIVO;1;Luz Angela
5360;133;ITAGUI;ANTIOQUIA;AUTO RETENCION ICA;2;2023;VI BIMESTRE;18;10-01-2024;0,00;ACTIVO;1;Luz Angela
5360;133;ITAGUI;ANTIOQUIA;IMPUESTO DE ICA;1;2022;ANUAL;28;19-04-2023;0,00;ACTIVO;1;Luz Angela
5360;133;ITAGUI;ANTIOQUIA;INFORMACION EXOGENA;6;2022;ANUAL;28;06-06-2023;0,00;ACTIVO;1;Luz Angela
5360;133;ITAGUI;ANTIOQUIA;PREDIAL;7;2023;I TRIMESTRE;19;03-03-2023;0,00;ACTIVO;1;Luz Angela
5360;133;ITAGUI;ANTIOQUIA;PREDIAL;7;2023;II TRIMESTRE;20;02-06-2023;0,00;ACTIVO;1;Luz Angela
5360;133;ITAGUI;ANTIOQUIA;PREDIAL;7;2023;III TRIMESTRE;21;01-09-2023;0,00;ACTIVO;1;Luz Angela
5360;133;ITAGUI;ANTIOQUIA;PREDIAL;7;2023;IV TRIMESTRE;22;01-12-2023;0,00;ACTIVO;1;Luz Angela
5360;133;ITAGUI;ANTIOQUIA;RETE ICA;3;2023;I BIMESTRE;13;08-03-2023;0,00;ACTIVO;1;Luz Angela
5360;133;ITAGUI;ANTIOQUIA;RETE ICA;3;2023;II BIMESTRE;14;09-05-2023;0,00;ACTIVO;1;Luz Angela
5360;133;ITAGUI;ANTIOQUIA;RETE ICA;3;2023;III BIMESTRE;15;11-07-2023;0,00;ACTIVO;1;Luz Angela
5360;133;ITAGUI;ANTIOQUIA;RETE ICA;3;2023;IV BIMESTRE;16;11-09-2023;0,00;ACTIVO;1;Luz Angela
5360;133;ITAGUI;ANTIOQUIA;RETE ICA;3;2023;V BIMESTRE;17;09-11-2023;0,00;ACTIVO;1;Luz Angela
5360;133;ITAGUI;ANTIOQUIA;RETE ICA;3;2023;VI BIMESTRE;18;10-01-2024;0,00;ACTIVO;1;Luz Angela
97001;1111;MITU;VAUPES;IMPUESTO DE ICA;1;2022;ANUAL;28;31-03-2023;5,00;ACTIVO;1;Luz Angela
97001;1111;MITU;VAUPES;IMPUESTO DE ICA;1;2022;ANUAL;28;28-04-2023;0,00;ACTIVO;1;Luz Angela
97001;1111;MITU;VAUPES;IMPUESTO DE ICA;1;2022;ANUAL;28;28-02-2023;15,00;ACTIVO;1;Luz Angela
97001;1111;MITU;VAUPES;INFORMACION EXOGENA;6;2022;ANUAL;28;28-04-2023;0,00;ACTIVO;1;Luz Angela
97001;1111;MITU;VAUPES;PREDIAL;7;2023;ANUAL;28;31-03-2023;15,00;ACTIVO;1;Luz Angela
97001;1111;MITU;VAUPES;PREDIAL;7;2023;ANUAL;28;28-04-2023;5,00;ACTIVO;1;Luz Angela
97001;1111;MITU;VAUPES;PREDIAL;7;2023;ANUAL;28;31-05-2023;0,00;ACTIVO;1;Luz Angela
97001;1111;MITU;VAUPES;RETE ICA;3;2023;I BIMESTRE;13;16-01-2023;0,00;ACTIVO;1;Luz Angela
97001;1111;MITU;VAUPES;RETE ICA;3;2023;II BIMESTRE;14;14-03-2023;0,00;ACTIVO;1;Luz Angela
97001;1111;MITU;VAUPES;RETE ICA;3;2023;III BIMESTRE;15;16-05-2023;0,00;ACTIVO;1;Luz Angela
97001;1111;MITU;VAUPES;RETE ICA;3;2023;IV BIMESTRE;16;17-07-2023;0,00;ACTIVO;1;Luz Angela
97001;1111;MITU;VAUPES;RETE ICA;3;2023;V BIMESTRE;17;18-09-2023;0,00;ACTIVO;1;Luz Angela
97001;1111;MITU;VAUPES;RETE ICA;3;2023;VI BIMESTRE;18;17-11-2023;0,00;ACTIVO;1;Luz Angela
41001;669;NEIVA;HUILA;AUTO RETENCION ICA;2;2023;I BIMESTRE;13;31-01-2023;0,00;ACTIVO;1;Luz Angela
41001;669;NEIVA;HUILA;AUTO RETENCION ICA;2;2023;II BIMESTRE;14;31-03-2023;0,00;ACTIVO;1;Luz Angela
41001;669;NEIVA;HUILA;AUTO RETENCION ICA;2;2023;III BIMESTRE;15;31-05-2023;0,00;ACTIVO;1;Luz Angela
41001;669;NEIVA;HUILA;AUTO RETENCION ICA;2;2023;IV BIMESTRE;16;31-07-2023;0,00;ACTIVO;1;Luz Angela
41001;669;NEIVA;HUILA;AUTO RETENCION ICA;2;2023;V BIMESTRE;17;29-09-2023;0,00;ACTIVO;1;Luz Angela
41001;669;NEIVA;HUILA;AUTO RETENCION ICA;2;2023;VI BIMESTRE;18;30-11-2023;0,00;ACTIVO;1;Luz Angela
41001;669;NEIVA;HUILA;IMPUESTO DE ICA;1;2022;ANUAL;28;05-05-2023;0,00;ACTIVO;1;Luz Angela
41001;669;NEIVA;HUILA;IMPUESTO DE ICA;1;2022;ANUAL;28;05-06-2023;0,00;ACTIVO;1;Luz Angela
41001;669;NEIVA;HUILA;IMPUESTO DE ICA;1;2022;ANUAL;28;05-07-2023;0,00;ACTIVO;1;Luz Angela
41001;669;NEIVA;HUILA;INFORMACION EXOGENA;6;2022;ANUAL;28;31-05-2023;0,00;ACTIVO;1;Luz Angela
41001;669;NEIVA;HUILA;PREDIAL;7;2023;ANUAL;28;28-04-2023;12,00;ACTIVO;1;Luz Angela
41001;669;NEIVA;HUILA;PREDIAL;7;2023;ANUAL;28;31-07-2023;5,00;ACTIVO;1;Luz Angela
41001;669;NEIVA;HUILA;RETE ICA;3;2023;I BIMESTRE;13;31-01-2023;0,00;ACTIVO;1;Luz Angela
41001;669;NEIVA;HUILA;RETE ICA;3;2023;II BIMESTRE;14;31-03-2023;0,00;ACTIVO;1;Luz Angela
41001;669;NEIVA;HUILA;RETE ICA;3;2023;III BIMESTRE;15;31-05-2023;0,00;ACTIVO;1;Luz Angela
41001;669;NEIVA;HUILA;RETE ICA;3;2023;IV BIMESTRE;16;31-07-2023;0,00;ACTIVO;1;Luz Angela
41001;669;NEIVA;HUILA;RETE ICA;3;2023;V BIMESTRE;17;29-09-2023;0,00;ACTIVO;1;Luz Angela
41001;669;NEIVA;HUILA;RETE ICA;3;2023;VI BIMESTRE;18;30-11-2023;0,00;ACTIVO;1;Luz Angela
52001;771;PASTO;NARINO;AUTO RETENCION ICA;2;2023;I BIMESTRE;13;31-03-2023;0,00;ACTIVO;1;Luz Angela
52001;771;PASTO;NARINO;AUTO RETENCION ICA;2;2023;II BIMESTRE;14;31-05-2023;0,00;ACTIVO;1;Luz Angela
52001;771;PASTO;NARINO;AUTO RETENCION ICA;2;2023;III BIMESTRE;15;31-07-2023;0,00;ACTIVO;1;Luz Angela
52001;771;PASTO;NARINO;AUTO RETENCION ICA;2;2023;IV BIMESTRE;16;29-09-2023;0,00;ACTIVO;1;Luz Angela
52001;771;PASTO;NARINO;AUTO RETENCION ICA;2;2023;V BIMESTRE;17;30-11-2023;0,00;ACTIVO;1;Luz Angela
52001;771;PASTO;NARINO;AUTO RETENCION ICA;2;2023;VI BIMESTRE;18;31-01-2024;0,00;ACTIVO;1;Luz Angela
52001;771;PASTO;NARINO;IMPUESTO DE ICA;1;2022;ANUAL;28;28-04-2023;5,00;ACTIVO;1;Luz Angela
52001;771;PASTO;NARINO;IMPUESTO DE ICA;1;2022;ANUAL;28;28-04-2023;10,00;ACTIVO;1;Luz Angela
52001;771;PASTO;NARINO;IMPUESTO DE ICA;1;2022;ANUAL;28;28-04-2023;5,00;ACTIVO;1;Luz Angela
52001;771;PASTO;NARINO;INFORMACION EXOGENA;6;2022;ANUAL;28;14-07-2023;0,00;ACTIVO;1;Luz Angela
52001;771;PASTO;NARINO;INFORMACION EXOGENA;6;2022;ANUAL;28;14-07-2023;0,00;ACTIVO;1;Luz Angela
52001;771;PASTO;NARINO;PREDIAL;7;2023;ANUAL;28;29-12-2023;0,00;ACTIVO;1;Luz Angela
52001;771;PASTO;NARINO;PREDIAL;7;2023;ANUAL;28;31-05-2023;12,00;ACTIVO;1;Luz Angela
52001;771;PASTO;NARINO;PREDIAL;7;2023;ANUAL;28;31-05-2023;12,00;ACTIVO;1;Luz Angela
52001;771;PASTO;NARINO;RETE ICA;3;2023;I BIMESTRE;13;31-03-2023;0,00;ACTIVO;1;Luz Angela
52001;771;PASTO;NARINO;RETE ICA;3;2023;I BIMESTRE;13;31-03-2023;0,00;ACTIVO;1;Luz Angela
52001;771;PASTO;NARINO;RETE ICA;3;2023;II BIMESTRE;14;31-05-2023;0,00;ACTIVO;1;Luz Angela
52001;771;PASTO;NARINO;RETE ICA;3;2023;II BIMESTRE;14;31-05-2023;0,00;ACTIVO;1;Luz Angela
52001;771;PASTO;NARINO;RETE ICA;3;2023;III BIMESTRE;15;31-07-2023;0,00;ACTIVO;1;Luz Angela
52001;771;PASTO;NARINO;RETE ICA;3;2023;III BIMESTRE;15;31-07-2023;0,00;ACTIVO;1;Luz Angela
52001;771;PASTO;NARINO;RETE ICA;3;2023;IV BIMESTRE;16;29-09-2023;0,00;ACTIVO;1;Luz Angela
52001;771;PASTO;NARINO;RETE ICA;3;2023;IV BIMESTRE;16;29-09-2023;0,00;ACTIVO;1;Luz Angela
52001;771;PASTO;NARINO;RETE ICA;3;2023;V BIMESTRE;17;30-11-2023;0,00;ACTIVO;1;Luz Angela
52001;771;PASTO;NARINO;RETE ICA;3;2023;V BIMESTRE;17;30-11-2023;0,00;ACTIVO;1;Luz Angela
52001;771;PASTO;NARINO;RETE ICA;3;2023;VI BIMESTRE;18;31-01-2024;0,00;ACTIVO;1;Luz Angela
52001;771;PASTO;NARINO;RETE ICA;3;2023;VI BIMESTRE;18;31-01-2024;0,00;ACTIVO;1;Luz Angela
27001;472;QUIBDO;CHOCO;IMPUESTO DE ICA;1;2022;ANUAL;28;31-03-2023;5,00;ACTIVO;1;Luz Angela
27001;472;QUIBDO;CHOCO;INFORMACION EXOGENA;6;2022;ANUAL;28;21-03-2023;0,00;ACTIVO;1;Luz Angela
27001;472;QUIBDO;CHOCO;PREDIAL;7;2023;I TRIMESTRE;19;03-04-2023;0,00;ACTIVO;1;Luz Angela
27001;472;QUIBDO;CHOCO;PREDIAL;7;2023;II TRIMESTRE;20;04-07-2023;0,00;ACTIVO;1;Luz Angela
27001;472;QUIBDO;CHOCO;PREDIAL;7;2023;III TRIMESTRE;21;02-10-2023;0,00;ACTIVO;1;Luz Angela
27001;472;QUIBDO;CHOCO;PREDIAL;7;2023;IV TRIMESTRE;22;29-12-2023;0,00;ACTIVO;1;Luz Angela
27001;472;QUIBDO;CHOCO;RETE ICA;3;2023;I BIMESTRE;13;21-03-2023;0,00;ACTIVO;1;Luz Angela
27001;472;QUIBDO;CHOCO;RETE ICA;3;2023;II BIMESTRE;14;23-05-2023;0,00;ACTIVO;1;Luz Angela
27001;472;QUIBDO;CHOCO;RETE ICA;3;2023;III BIMESTRE;15;21-07-2023;0,00;ACTIVO;1;Luz Angela
27001;472;QUIBDO;CHOCO;RETE ICA;3;2023;IV BIMESTRE;16;20-09-2023;0,00;ACTIVO;1;Luz Angela
27001;472;QUIBDO;CHOCO;RETE ICA;3;2023;V BIMESTRE;17;20-11-2023;0,00;ACTIVO;1;Luz Angela
27001;472;QUIBDO;CHOCO;RETE ICA;3;2023;VI BIMESTRE;18;22-01-2024;0,00;ACTIVO;1;Luz Angela
44001;695;RIOHACHA;LA GUAJIRA;AUTO RETENCION ICA;2;2023;ABRIL;4;31-05-2023;0,00;ACTIVO;1;Luz Angela
44001;695;RIOHACHA;LA GUAJIRA;AUTO RETENCION ICA;2;2023;AGOSTO;8;29-09-2023;0,00;ACTIVO;1;Luz Angela
44001;695;RIOHACHA;LA GUAJIRA;AUTO RETENCION ICA;2;2023;DICIEMBRE;12;31-01-2024;0,00;ACTIVO;1;Luz Angela
44001;695;RIOHACHA;LA GUAJIRA;AUTO RETENCION ICA;2;2023;ENERO;1;28-02-2023;0,00;ACTIVO;1;Luz Angela
44001;695;RIOHACHA;LA GUAJIRA;AUTO RETENCION ICA;2;2023;FEBRERO;2;31-03-2023;0,00;ACTIVO;1;Luz Angela
44001;695;RIOHACHA;LA GUAJIRA;AUTO RETENCION ICA;2;2023;JULIO;7;31-08-2023;0,00;ACTIVO;1;Luz Angela
44001;695;RIOHACHA;LA GUAJIRA;AUTO RETENCION ICA;2;2023;JUNIO;6;31-07-2023;0,00;ACTIVO;1;Luz Angela
44001;695;RIOHACHA;LA GUAJIRA;AUTO RETENCION ICA;2;2023;MARZO;3;28-04-2023;0,00;ACTIVO;1;Luz Angela
44001;695;RIOHACHA;LA GUAJIRA;AUTO RETENCION ICA;2;2023;MAYO;5;30-06-2023;0,00;ACTIVO;1;Luz Angela
44001;695;RIOHACHA;LA GUAJIRA;AUTO RETENCION ICA;2;2023;NOVIEMBRE;11;29-12-2023;0,00;ACTIVO;1;Luz Angela
44001;695;RIOHACHA;LA GUAJIRA;AUTO RETENCION ICA;2;2023;OCTUBRE;10;30-11-2023;0,00;ACTIVO;1;Luz Angela
44001;695;RIOHACHA;LA GUAJIRA;AUTO RETENCION ICA;2;2023;SEPTIEMBRE;9;31-10-2023;0,00;ACTIVO;1;Luz Angela
44001;695;RIOHACHA;LA GUAJIRA;IMPUESTO DE ICA;1;2022;ANUAL;28;24-02-2023;0,00;ACTIVO;1;Luz Angela
44001;695;RIOHACHA;LA GUAJIRA;INFORMACION EXOGENA;6;2022;ANUAL;28;28-04-2023;0,00;ACTIVO;1;Luz Angela
44001;695;RIOHACHA;LA GUAJIRA;PREDIAL;7;2023;ANUAL;28;30-06-2023;10,00;ACTIVO;1;Luz Angela
44001;695;RIOHACHA;LA GUAJIRA;PREDIAL;7;2023;ANUAL;28;31-03-2023;20,00;ACTIVO;1;Luz Angela
44001;695;RIOHACHA;LA GUAJIRA;RETE ICA;3;2023;ABRIL;4;31-05-2023;0,00;ACTIVO;1;Luz Angela
44001;695;RIOHACHA;LA GUAJIRA;RETE ICA;3;2023;AGOSTO;8;29-09-2023;0,00;ACTIVO;1;Luz Angela
44001;695;RIOHACHA;LA GUAJIRA;RETE ICA;3;2023;DICIEMBRE;12;31-01-2024;0,00;ACTIVO;1;Luz Angela
44001;695;RIOHACHA;LA GUAJIRA;RETE ICA;3;2023;ENERO;1;28-02-2023;0,00;ACTIVO;1;Luz Angela
44001;695;RIOHACHA;LA GUAJIRA;RETE ICA;3;2023;FEBRERO;2;31-03-2023;0,00;ACTIVO;1;Luz Angela
44001;695;RIOHACHA;LA GUAJIRA;RETE ICA;3;2023;JULIO;7;31-08-2023;0,00;ACTIVO;1;Luz Angela
44001;695;RIOHACHA;LA GUAJIRA;RETE ICA;3;2023;JUNIO;6;31-07-2023;0,00;ACTIVO;1;Luz Angela
44001;695;RIOHACHA;LA GUAJIRA;RETE ICA;3;2023;MARZO;3;28-04-2023;0,00;ACTIVO;1;Luz Angela
44001;695;RIOHACHA;LA GUAJIRA;RETE ICA;3;2023;MAYO;5;30-06-2023;0,00;ACTIVO;1;Luz Angela
44001;695;RIOHACHA;LA GUAJIRA;RETE ICA;3;2023;NOVIEMBRE;11;29-12-2023;0,00;ACTIVO;1;Luz Angela
44001;695;RIOHACHA;LA GUAJIRA;RETE ICA;3;2023;OCTUBRE;10;30-11-2023;0,00;ACTIVO;1;Luz Angela
44001;695;RIOHACHA;LA GUAJIRA;RETE ICA;3;2023;SEPTIEMBRE;9;31-10-2023;0,00;ACTIVO;1;Luz Angela
88001;145;SAN ANDRES;ARCHIPIELAGO DE SAN ANDRES, PROVIDENCIA Y SANTA CATALINA;IMPUESTO DE ICA;1;2022;ANUAL;28;28-04-2023;20,00;ACTIVO;1;Luz Angela
88001;145;SAN ANDRES;ARCHIPIELAGO DE SAN ANDRES, PROVIDENCIA Y SANTA CATALINA;IMPUESTO DE ICA;1;2022;ANUAL;28;28-02-2023;25,00;ACTIVO;1;Luz Angela
88001;145;SAN ANDRES;ARCHIPIELAGO DE SAN ANDRES, PROVIDENCIA Y SANTA CATALINA;IMPUESTO DE ICA;1;2022;ANUAL;28;30-06-2023;15,00;ACTIVO;1;Luz Angela
88001;145;SAN ANDRES;ARCHIPIELAGO DE SAN ANDRES, PROVIDENCIA Y SANTA CATALINA;PREDIAL;7;2023;ANUAL;28;28-04-2023;20,00;ACTIVO;1;Luz Angela
88001;145;SAN ANDRES;ARCHIPIELAGO DE SAN ANDRES, PROVIDENCIA Y SANTA CATALINA;PREDIAL;7;2023;ANUAL;28;30-06-2023;15,00;ACTIVO;1;Luz Angela
88001;145;SAN ANDRES;ARCHIPIELAGO DE SAN ANDRES, PROVIDENCIA Y SANTA CATALINA;PREDIAL;7;2023;ANUAL;28;28-02-2023;25,00;ACTIVO;1;Luz Angela
88001;145;SAN ANDRES;ARCHIPIELAGO DE SAN ANDRES, PROVIDENCIA Y SANTA CATALINA;VEHICULOS;8;2023;ANUAL;28;28-04-2023;20,00;ACTIVO;1;Luz Angela
88001;145;SAN ANDRES;ARCHIPIELAGO DE SAN ANDRES, PROVIDENCIA Y SANTA CATALINA;VEHICULOS;8;2023;ANUAL;28;30-06-2023;15,00;ACTIVO;1;Luz Angela
88001;145;SAN ANDRES;ARCHIPIELAGO DE SAN ANDRES, PROVIDENCIA Y SANTA CATALINA;VEHICULOS;8;2023;ANUAL;28;28-02-2023;25,00;ACTIVO;1;Luz Angela
47001;728;SANTA MARTA;MAGDALENA;AUTO RETENCION ICA;2;2023;I BIMESTRE;13;09/03/2023;0,00;ACTIVO;1;Luz Angela
47001;728;SANTA MARTA;MAGDALENA;AUTO RETENCION ICA;2;2023;II BIMESTRE;14;11-05-2023;0,00;ACTIVO;1;Luz Angela
47001;728;SANTA MARTA;MAGDALENA;AUTO RETENCION ICA;2;2023;III BIMESTRE;15;11-07-2023;0,00;ACTIVO;1;Luz Angela
47001;728;SANTA MARTA;MAGDALENA;AUTO RETENCION ICA;2;2023;IV BIMESTRE;16;11-09-2023;0,00;ACTIVO;1;Luz Angela
47001;728;SANTA MARTA;MAGDALENA;AUTO RETENCION ICA;2;2023;V BIMESTRE;17;10-11-2023;0,00;ACTIVO;1;Luz Angela
47001;728;SANTA MARTA;MAGDALENA;AUTO RETENCION ICA;2;2023;VI BIMESTRE;18;12-01-2024;0,00;ACTIVO;1;Luz Angela
47001;728;SANTA MARTA;MAGDALENA;IMPUESTO DE ICA;1;2022;ANUAL;28;09/03/2023;0,00;ACTIVO;1;Luz Angela
47001;728;SANTA MARTA;MAGDALENA;PREDIAL;7;2023;ANUAL;28;28-04-2023;15,00;ACTIVO;1;Luz Angela
47001;728;SANTA MARTA;MAGDALENA;PREDIAL;7;2023;ANUAL;28;31-03-2023;20,00;ACTIVO;1;Luz Angela
47001;728;SANTA MARTA;MAGDALENA;RETE ICA;3;2023;ABRIL;4;11-05-2023;0,00;ACTIVO;1;Luz Angela
47001;728;SANTA MARTA;MAGDALENA;RETE ICA;3;2023;AGOSTO;8;11-09-2023;0,00;ACTIVO;1;Luz Angela
47001;728;SANTA MARTA;MAGDALENA;RETE ICA;3;2023;DICIEMBRE;12;12-01-2024;0,00;ACTIVO;1;Luz Angela
47001;728;SANTA MARTA;MAGDALENA;RETE ICA;3;2023;ENERO;1;09-02-2023;0,00;ACTIVO;1;Luz Angela
47001;728;SANTA MARTA;MAGDALENA;RETE ICA;3;2023;FEBRERO;2;09/03/2023;0,00;ACTIVO;1;Luz Angela
47001;728;SANTA MARTA;MAGDALENA;RETE ICA;3;2023;JULIO;7;11-08-2023;0,00;ACTIVO;1;Luz Angela
47001;728;SANTA MARTA;MAGDALENA;RETE ICA;3;2023;JUNIO;6;11-07-2023;0,00;ACTIVO;1;Luz Angela
47001;728;SANTA MARTA;MAGDALENA;RETE ICA;3;2023;MARZO;3;12-04-2023;0,00;ACTIVO;1;Luz Angela
47001;728;SANTA MARTA;MAGDALENA;RETE ICA;3;2023;MAYO;5;09-06-2023;0,00;ACTIVO;1;Luz Angela
47001;728;SANTA MARTA;MAGDALENA;RETE ICA;3;2023;NOVIEMBRE;11;13-12-2023;0,00;ACTIVO;1;Luz Angela
47001;728;SANTA MARTA;MAGDALENA;RETE ICA;3;2023;OCTUBRE;10;10-11-2023;0,00;ACTIVO;1;Luz Angela
47001;728;SANTA MARTA;MAGDALENA;RETE ICA;3;2023;SEPTIEMBRE;9;12-10-2023;0,00;ACTIVO;1;Luz Angela
70001;1002;SINCELEJO;SUCRE;ALUMBRADO PUBLICO;5;2023;ABRIL;4;15-06-2023;0,00;ACTIVO;1;Luz Angela
70001;1002;SINCELEJO;SUCRE;ALUMBRADO PUBLICO;5;2023;AGOSTO;8;17-10-2023;0,00;ACTIVO;1;Luz Angela
70001;1002;SINCELEJO;SUCRE;ALUMBRADO PUBLICO;5;2023;DICIEMBRE;12;16-02-2024;0,00;ACTIVO;1;Luz Angela
70001;1002;SINCELEJO;SUCRE;ALUMBRADO PUBLICO;5;2023;ENERO;1;17-03-2023;0,00;ACTIVO;1;Luz Angela
70001;1002;SINCELEJO;SUCRE;ALUMBRADO PUBLICO;5;2023;FEBRERO;2;19-04-2023;0,00;ACTIVO;1;Luz Angela
70001;1002;SINCELEJO;SUCRE;ALUMBRADO PUBLICO;5;2023;JULIO;7;14-09-2023;0,00;ACTIVO;1;Luz Angela
70001;1002;SINCELEJO;SUCRE;ALUMBRADO PUBLICO;5;2023;JUNIO;6;17-08-2023;0,00;ACTIVO;1;Luz Angela
70001;1002;SINCELEJO;SUCRE;ALUMBRADO PUBLICO;5;2023;MARZO;3;15-05-2023;0,00;ACTIVO;1;Luz Angela
70001;1002;SINCELEJO;SUCRE;ALUMBRADO PUBLICO;5;2023;MAYO;5;17-07-2023;0,00;ACTIVO;1;Luz Angela
70001;1002;SINCELEJO;SUCRE;ALUMBRADO PUBLICO;5;2023;NOVIEMBRE;11;15-01-2024;0,00;ACTIVO;1;Luz Angela
70001;1002;SINCELEJO;SUCRE;ALUMBRADO PUBLICO;5;2023;OCTUBRE;10;15-12-2023;0,00;ACTIVO;1;Luz Angela
70001;1002;SINCELEJO;SUCRE;ALUMBRADO PUBLICO;5;2023;SEPTIEMBRE;9;16-11-2023;0,00;ACTIVO;1;Luz Angela
70001;1002;SINCELEJO;SUCRE;IMPUESTO DE ICA;1;2023;ABRIL;4;31-05-2023;0,00;ACTIVO;1;Luz Angela
70001;1002;SINCELEJO;SUCRE;IMPUESTO DE ICA;1;2023;AGOSTO;8;29-09-2023;0,00;ACTIVO;1;Luz Angela
70001;1002;SINCELEJO;SUCRE;IMPUESTO DE ICA;1;2023;DICIEMBRE;12;31-01-2024;0,00;ACTIVO;1;Luz Angela
70001;1002;SINCELEJO;SUCRE;IMPUESTO DE ICA;1;2023;ENERO;1;28-02-2023;0,00;ACTIVO;1;Luz Angela
70001;1002;SINCELEJO;SUCRE;IMPUESTO DE ICA;1;2023;FEBRERO;2;31-03-2023;0,00;ACTIVO;1;Luz Angela
70001;1002;SINCELEJO;SUCRE;IMPUESTO DE ICA;1;2023;JULIO;7;31-08-2023;0,00;ACTIVO;1;Luz Angela
70001;1002;SINCELEJO;SUCRE;IMPUESTO DE ICA;1;2023;JUNIO;6;28-07-2023;0,00;ACTIVO;1;Luz Angela
70001;1002;SINCELEJO;SUCRE;IMPUESTO DE ICA;1;2023;MARZO;3;28-04-2023;0,00;ACTIVO;1;Luz Angela
70001;1002;SINCELEJO;SUCRE;IMPUESTO DE ICA;1;2023;MAYO;5;30-06-2023;0,00;ACTIVO;1;Luz Angela
70001;1002;SINCELEJO;SUCRE;IMPUESTO DE ICA;1;2023;NOVIEMBRE;11;29-12-2023;0,00;ACTIVO;1;Luz Angela
70001;1002;SINCELEJO;SUCRE;IMPUESTO DE ICA;1;2023;OCTUBRE;10;30-11-2023;0,00;ACTIVO;1;Luz Angela
70001;1002;SINCELEJO;SUCRE;IMPUESTO DE ICA;1;2023;SEPTIEMBRE;9;31-10-2023;0,00;ACTIVO;1;Luz Angela
70001;1002;SINCELEJO;SUCRE;INFORMACION EXOGENA;6;2022;ANUAL;28;25-05-2023;0,00;ACTIVO;1;Luz Angela
70001;1002;SINCELEJO;SUCRE;PREDIAL;7;2023;ANUAL;28;30-06-2023;0,00;ACTIVO;1;Luz Angela
70001;1002;SINCELEJO;SUCRE;RETE ICA;3;2023;ABRIL;4;31-05-2023;0,00;ACTIVO;1;Luz Angela
70001;1002;SINCELEJO;SUCRE;RETE ICA;3;2023;AGOSTO;8;29-09-2023;0,00;ACTIVO;1;Luz Angela
70001;1002;SINCELEJO;SUCRE;RETE ICA;3;2023;DICIEMBRE;12;31-01-2024;0,00;ACTIVO;1;Luz Angela
70001;1002;SINCELEJO;SUCRE;RETE ICA;3;2023;ENERO;1;28-02-2023;0,00;ACTIVO;1;Luz Angela
70001;1002;SINCELEJO;SUCRE;RETE ICA;3;2023;FEBRERO;2;31-03-2023;0,00;ACTIVO;1;Luz Angela
70001;1002;SINCELEJO;SUCRE;RETE ICA;3;2023;JULIO;7;31-08-2023;0,00;ACTIVO;1;Luz Angela
70001;1002;SINCELEJO;SUCRE;RETE ICA;3;2023;JUNIO;6;28-07-2023;0,00;ACTIVO;1;Luz Angela
70001;1002;SINCELEJO;SUCRE;RETE ICA;3;2023;MARZO;3;28-04-2023;0,00;ACTIVO;1;Luz Angela
70001;1002;SINCELEJO;SUCRE;RETE ICA;3;2023;MAYO;5;30-06-2023;0,00;ACTIVO;1;Luz Angela
70001;1002;SINCELEJO;SUCRE;RETE ICA;3;2023;NOVIEMBRE;11;29-12-2023;0,00;ACTIVO;1;Luz Angela
70001;1002;SINCELEJO;SUCRE;RETE ICA;3;2023;OCTUBRE;10;30-11-2023;0,00;ACTIVO;1;Luz Angela
70001;1002;SINCELEJO;SUCRE;RETE ICA;3;2023;SEPTIEMBRE;9;31-10-2023;0,00;ACTIVO;1;Luz Angela
50001;750;VILLAVICENCIO;META;IMPUESTO DE ICA;1;2022;ANUAL;28;07-06-2023;6,00;ACTIVO;1;Luz Angela
50001;750;VILLAVICENCIO;META;IMPUESTO DE ICA;1;2022;ANUAL;28;17-05-2023;8,00;ACTIVO;1;Luz Angela
50001;750;VILLAVICENCIO;META;INFORMACION EXOGENA;6;2022;ANUAL;28;13-06-2023;0,00;ACTIVO;1;Luz Angela
50001;750;VILLAVICENCIO;META;PREDIAL;7;2023;ANUAL;28;30-06-2023;6,00;ACTIVO;1;Luz Angela
50001;750;VILLAVICENCIO;META;PREDIAL;7;2023;ANUAL;28;31-03-2023;12,00;ACTIVO;1;Luz Angela
50001;750;VILLAVICENCIO;META;RETE ICA;3;2023;I BIMESTRE;13;08-03-2023;0,00;ACTIVO;1;Luz Angela
50001;750;VILLAVICENCIO;META;RETE ICA;3;2023;II BIMESTRE;14;10-05-2023;0,00;ACTIVO;1;Luz Angela
50001;750;VILLAVICENCIO;META;RETE ICA;3;2023;III BIMESTRE;15;12-07-2023;0,00;ACTIVO;1;Luz Angela
50001;750;VILLAVICENCIO;META;RETE ICA;3;2023;IV BIMESTRE;16;13-09-2023;0,00;ACTIVO;1;Luz Angela
50001;750;VILLAVICENCIO;META;RETE ICA;3;2023;V BIMESTRE;17;16-11-2023;0,00;ACTIVO;1;Luz Angela
50001;750;VILLAVICENCIO;META;RETE ICA;3;2023;VI BIMESTRE;18;07-02-2024;0,00;ACTIVO;1;Luz Angela
85001;399;YOPAL;CASANARE;IMPUESTO DE ICA;1;2023;I BIMESTRE;13;31-03-2023;0,00;ACTIVO;1;Luz Angela
85001;399;YOPAL;CASANARE;IMPUESTO DE ICA;1;2023;II BIMESTRE;14;31-05-2023;0,00;ACTIVO;1;Luz Angela
85001;399;YOPAL;CASANARE;IMPUESTO DE ICA;1;2023;III BIMESTRE;15;31-07-2023;0,00;ACTIVO;1;Luz Angela
85001;399;YOPAL;CASANARE;IMPUESTO DE ICA;1;2023;IV BIMESTRE;16;29-09-2023;0,00;ACTIVO;1;Luz Angela
85001;399;YOPAL;CASANARE;IMPUESTO DE ICA;1;2023;V BIMESTRE;17;30-11-2023;0,00;ACTIVO;1;Luz Angela
85001;399;YOPAL;CASANARE;IMPUESTO DE ICA;1;2023;VI BIMESTRE;18;31-01-2024;0,00;ACTIVO;1;Luz Angela
85001;399;YOPAL;CASANARE;PREDIAL;7;2023;ANUAL;28;31-03-2023;10,00;ACTIVO;1;Luz Angela
85001;399;YOPAL;CASANARE;PREDIAL;7;2023;ANUAL;28;31-05-2023;5,00;ACTIVO;1;Luz Angela
85001;399;YOPAL;CASANARE;RETE ICA;3;2023;I BIMESTRE;13;16-03-2023;0,00;ACTIVO;1;Luz Angela
85001;399;YOPAL;CASANARE;RETE ICA;3;2023;II BIMESTRE;14;17-05-2023;0,00;ACTIVO;1;Luz Angela
85001;399;YOPAL;CASANARE;RETE ICA;3;2023;III BIMESTRE;15;19-07-2023;0,00;ACTIVO;1;Luz Angela
85001;399;YOPAL;CASANARE;RETE ICA;3;2023;IV BIMESTRE;16;18-09-2023;0,00;ACTIVO;1;Luz Angela
85001;399;YOPAL;CASANARE;RETE ICA;3;2023;V BIMESTRE;17;20-11-2023;0,00;ACTIVO;1;Luz Angela
85001;399;YOPAL;CASANARE;RETE ICA;3;2023;VI BIMESTRE;18;18-01-2024;0,00;ACTIVO;1;Luz Angela
5308;132;GIRARDOTA;ANTIOQUIA;AUTO RETENCION ICA;2;2023;VI BIMESTRE;18;24-01-2023;0,00;ACTIVO;1;Luz Angela
5308;132;GIRARDOTA;ANTIOQUIA;RETE ICA;3;2023;VI BIMESTRE;18;24-01-2023;0,00;ACTIVO;1;Luz Angela
17001;353;MANIZALES;CALDAS;RETE ICA;3;2023;VI BIMESTRE;18;10-01-2023;0,00;ACTIVO;1;Luz Angela
17001;353;MANIZALES;CALDAS;AUTO RETENCION ICA;2;2023;VI BIMESTRE;18;10-01-2023;0,00;ACTIVO;1;Luz Angela
20001;457;VALLEDUPAR;CESAR;IMPUESTO DE ICA;1;2022;ANUAL;28;31-05-2023;0,00;ACTIVO;1;Luz Angela
20001;457;VALLEDUPAR;CESAR;AUTO RETENCION ICA;2;2023;ENERO;1;28-02-2023;0,00;ACTIVO;1;Luz Angela
20001;457;VALLEDUPAR;CESAR;AUTO RETENCION ICA;2;2023;FEBRERO;2;31-03-2023;0,00;ACTIVO;1;Luz Angela
20001;457;VALLEDUPAR;CESAR;AUTO RETENCION ICA;2;2023;MARZO;3;02-05-2023;0,00;ACTIVO;1;Luz Angela
20001;457;VALLEDUPAR;CESAR;AUTO RETENCION ICA;2;2023;ABRIL;4;31-05-2023;0,00;ACTIVO;1;Luz Angela
20001;457;VALLEDUPAR;CESAR;AUTO RETENCION ICA;2;2023;MAYO;5;30-06-2023;0,00;ACTIVO;1;Luz Angela
20001;457;VALLEDUPAR;CESAR;AUTO RETENCION ICA;2;2023;JUNIO;6;31-07-2023;0,00;ACTIVO;1;Luz Angela
20001;457;VALLEDUPAR;CESAR;AUTO RETENCION ICA;2;2023;AGOSTO;8;02-10-2023;0,00;ACTIVO;1;Luz Angela
20001;457;VALLEDUPAR;CESAR;AUTO RETENCION ICA;2;2023;SEPTIEMBRE;9;31-10-2023;0,00;ACTIVO;1;Luz Angela
20001;457;VALLEDUPAR;CESAR;AUTO RETENCION ICA;2;2023;OCTUBRE;10;30-11-2023;0,00;ACTIVO;1;Luz Angela
20001;457;VALLEDUPAR;CESAR;AUTO RETENCION ICA;2;2023;NOVIEMBRE;11;02-01-2024;0,00;ACTIVO;1;Luz Angela
20001;457;VALLEDUPAR;CESAR;AUTO RETENCION ICA;2;2023;DICIEMBRE;12;31-01-2024;0,00;ACTIVO;1;Luz Angela
20001;457;VALLEDUPAR;CESAR;RETE ICA;3;2023;ENERO;1;28-02-2023;0,00;ACTIVO;1;Luz Angela
20001;457;VALLEDUPAR;CESAR;RETE ICA;3;2023;FEBRERO;2;31-03-2023;0,00;ACTIVO;1;Luz Angela
20001;457;VALLEDUPAR;CESAR;RETE ICA;3;2023;MARZO;3;02-05-2023;0,00;ACTIVO;1;Luz Angela
20001;457;VALLEDUPAR;CESAR;RETE ICA;3;2023;ABRIL;4;31-05-2023;0,00;ACTIVO;1;Luz Angela
20001;457;VALLEDUPAR;CESAR;RETE ICA;3;2023;MAYO;5;30-06-2023;0,00;ACTIVO;1;Luz Angela
20001;457;VALLEDUPAR;CESAR;RETE ICA;3;2023;JUNIO;6;31-07-2023;0,00;ACTIVO;1;Luz Angela
20001;457;VALLEDUPAR;CESAR;RETE ICA;3;2023;AGOSTO;8;02-10-2023;0,00;ACTIVO;1;Luz Angela
20001;457;VALLEDUPAR;CESAR;RETE ICA;3;2023;SEPTIEMBRE;9;31-10-2023;0,00;ACTIVO;1;Luz Angela
20001;457;VALLEDUPAR;CESAR;RETE ICA;3;2023;OCTUBRE;10;30-11-2023;0,00;ACTIVO;1;Luz Angela
20001;457;VALLEDUPAR;CESAR;RETE ICA;3;2023;NOVIEMBRE;11;02-01-2024;0,00;ACTIVO;1;Luz Angela
20001;457;VALLEDUPAR;CESAR;RETE ICA;3;2023;DICIEMBRE;12;31-01-2024;0,00;ACTIVO;1;Luz Angela
20001;457;VALLEDUPAR;CESAR;PREDIAL;7;2023;ANUAL;28;28-02-2023;17,00;ACTIVO;1;Luz Angela
20001;457;VALLEDUPAR;CESAR;PREDIAL;7;2023;ANUAL;28;30-04-2023;15,00;ACTIVO;1;Luz Angela
20001;457;VALLEDUPAR;CESAR;PREDIAL;7;2023;ANUAL;28;31-05-2023;13,00;ACTIVO;1;Luz Angela
54001;850;SAN JOSE DE CUCUTA;NORTE DE SANTANDER;IMPUESTO DE ICA;1;2022;ANUAL;28;31-05-2023;0,00;ACTIVO;1;Luz Angela
54001;850;SAN JOSE DE CUCUTA;NORTE DE SANTANDER;AUTO RETENCION ICA;2;2023;I BIMESTRE;13;09/03/2023;0,00;ACTIVO;1;Luz Angela
54001;850;SAN JOSE DE CUCUTA;NORTE DE SANTANDER;AUTO RETENCION ICA;2;2023;II BIMESTRE;14;11-05-2023;0,00;ACTIVO;1;Luz Angela
54001;850;SAN JOSE DE CUCUTA;NORTE DE SANTANDER;AUTO RETENCION ICA;2;2023;III BIMESTRE;15;11-07-2023;0,00;ACTIVO;1;Luz Angela
54001;850;SAN JOSE DE CUCUTA;NORTE DE SANTANDER;AUTO RETENCION ICA;2;2023;IV BIMESTRE;16;11-09-2023;0,00;ACTIVO;1;Luz Angela
54001;850;SAN JOSE DE CUCUTA;NORTE DE SANTANDER;AUTO RETENCION ICA;2;2023;V BIMESTRE;17;10-11-2023;0,00;ACTIVO;1;Luz Angela
54001;850;SAN JOSE DE CUCUTA;NORTE DE SANTANDER;AUTO RETENCION ICA;2;2023;VI BIMESTRE;18;12-01-2024;0,00;ACTIVO;1;Luz Angela
54001;850;SAN JOSE DE CUCUTA;NORTE DE SANTANDER;RETE ICA;3;2023;I BIMESTRE;13;09/03/2023;0,00;ACTIVO;1;Luz Angela
54001;850;SAN JOSE DE CUCUTA;NORTE DE SANTANDER;RETE ICA;3;2023;II BIMESTRE;14;11-05-2023;0,00;ACTIVO;1;Luz Angela
54001;850;SAN JOSE DE CUCUTA;NORTE DE SANTANDER;RETE ICA;3;2023;III BIMESTRE;15;11-07-2023;0,00;ACTIVO;1;Luz Angela
54001;850;SAN JOSE DE CUCUTA;NORTE DE SANTANDER;RETE ICA;3;2023;IV BIMESTRE;16;11-09-2023;0,00;ACTIVO;1;Luz Angela
54001;850;SAN JOSE DE CUCUTA;NORTE DE SANTANDER;RETE ICA;3;2023;V BIMESTRE;17;10-11-2023;0,00;ACTIVO;1;Luz Angela
54001;850;SAN JOSE DE CUCUTA;NORTE DE SANTANDER;RETE ICA;3;2023;VI BIMESTRE;18;12-01-2024;0,00;ACTIVO;1;Luz Angela
54001;850;SAN JOSE DE CUCUTA;NORTE DE SANTANDER;PREDIAL;7;2023;ANUAL;28;31-03-2023;15,00;ACTIVO;1;Luz Angela
54001;850;SAN JOSE DE CUCUTA;NORTE DE SANTANDER;PREDIAL;7;2023;ANUAL;28;30-06-2023;5,00;ACTIVO;1;Luz Angela
